ID,Year,Source,Used_for,Anchor_or_role,URL
1,2023,ESC Guidelines for the management of acute coronary syndromes,Clinical timing and de-escalation logic,De-escalation may be considered beyond 30 days in selected ACS patients to reduce bleeding; first-30-day de-escalation is not recommended.,https://academic.oup.com/ehjacc/article/13/1/55/7280662
2,2019,Urban P et al. ARC-HBR consensus,"Hemoglobin, eGFR, prior bleeding thresholds",Hb <11 g/dL and eGFR <30 mL/min are major HBR criteria; eGFR 30–59 and mild anemia are minor criteria; prior spontaneous bleeding is a criterion.,https://pmc.ncbi.nlm.nih.gov/articles/PMC6736433/
3,2017,Costa F et al. PRECISE-DAPT derivation and validation,Variable selection,"Age, hemoglobin, creatinine clearance, white-cell count, and previous spontaneous bleeding form the five-item PRECISE-DAPT score.",https://pubmed.ncbi.nlm.nih.gov/28290994/
4,2022,Gragnano F et al. PRECISE-DAPT in GLOBAL LEADERS and GLASSY,External bleeding-risk context,PRECISE-DAPT remained informative under DAPT and ticagrelor-monotherapy strategies.,https://pubmed.ncbi.nlm.nih.gov/32941620/
5,2016,Baber U et al. PARIS risk scores,Dual-risk renal signal,Renal dysfunction predicted both coronary thrombotic events and major bleeding; anemia predicted major bleeding.,https://pubmed.ncbi.nlm.nih.gov/27079334/
6,2016,Yeh RW et al. DAPT prediction rule,Benefit–risk decision precedent,Extended thienopyridine reduced ischemia but increased bleeding; the study formalized a benefit–risk difference after PCI.,https://jamanetwork.com/journals/jama/fullarticle/2508253
7,2017,Cuisset T et al. TOPIC,De-escalation event-rate anchor,"At 1 year, the composite endpoint was 13.4% vs 26.3%; BARC ≥2 bleeding 4.0% vs 14.9% after switching vs unchanged therapy.",https://pubmed.ncbi.nlm.nih.gov/28510646/
8,2017,Sibbing D et al. TROPICAL-ACS,Guided de-escalation precedent,Platelet-function-guided prasugrel-to-clopidogrel de-escalation was non-inferior for net clinical benefit.,https://pubmed.ncbi.nlm.nih.gov/28855078/
9,2019,Mehran R et al. TWILIGHT,Bleeding/ischemia anchor,"After 3 months of DAPT, BARC 2/3/5 bleeding was 4.0% with ticagrelor monotherapy vs 7.1% with ticagrelor plus aspirin; death/MI/stroke was 3.9% in both groups.",https://www.nejm.org/doi/full/10.1056/NEJMoa1908419
10,2019,Hahn JY et al. SMART-CHOICE,Bleeding/ischemia anchor,"At 12 months, MACCE was 2.9% vs 2.5% and bleeding 2.0% vs 3.4% for P2Y12 monotherapy vs DAPT.",https://jamanetwork.com/journals/jama/fullarticle/2736564
11,2019,Watanabe H et al. STOPDAPT-2,Short-DAPT anchor,One-month DAPT followed by clopidogrel monotherapy produced a 2.4% vs 3.7% composite cardiovascular/bleeding endpoint at 1 year.,https://jamanetwork.com/journals/jama/fullarticle/2736563
12,2020,Kim HS et al. HOST-REDUCE-POLYTECH-ACS,Dose de-escalation anchor,Prasugrel dose de-escalation reduced net adverse clinical events (7.2% vs 10.1%) mainly through less bleeding without increased ischemic risk.,https://pubmed.ncbi.nlm.nih.gov/32882163/
13,2021,Kim CJ et al. TALOS-AMI,Primary literature event-rate anchor,"From month 1 to 12, net events were 4.6% vs 8.2%, ischemic composite 2.1% vs 3.1%, and BARC 2/3/5 bleeding 3.0% vs 5.6%.",https://pubmed.ncbi.nlm.nih.gov/34627490/
14,2021,Valgimigli M et al. MASTER DAPT,HBR abbreviated-DAPT anchor,"Major or clinically relevant nonmajor bleeding was 6.5% vs 9.4% with abbreviated vs standard therapy, while major cardiac/cerebral outcomes were non-inferior.",https://www.nejm.org/doi/full/10.1056/NEJMoa2108749
15,2011,Mehran R et al. BARC consensus,Outcome definition,Standardized Bleeding Academic Research Consortium definitions for cardiovascular trials.,https://pubmed.ncbi.nlm.nih.gov/21670242/
16,2016,Anemia after PCI systematic review and meta-analysis,Hemoglobin biological rationale,"Across 17 studies and 68,528 patients, anemia was associated with increased long-term ischemic and bleeding events.",https://pubmed.ncbi.nlm.nih.gov/26716044/
17,2019,PARIS anemia analysis,Hemoglobin and treatment-disruption rationale,Baseline anemia was associated with higher adjusted MACE and major bleeding after PCI.,https://pubmed.ncbi.nlm.nih.gov/30998384/
