hemoglobin_g_dL,eGFR_mL_min_1_73m2,prior_bleeding,optimal_switch_month_after_30d,expected_loss,bleed_probability,ischemic_probability
9.5,20,0,1.8,0.20275022336744666,0.14019396459954014,0.03503309339288618
9.5,20,1,0.0,0.3499099987239599,0.2716405114005268,0.04427616901378417
9.5,25,0,1.8,0.19783111870218623,0.1367249612823057,0.03418009259992971
9.5,25,1,0.0,0.34190577663185323,0.26546034291762,0.04320319630249014
9.5,30,0,1.8,0.19166162759300515,0.13237246959164495,0.033111269412564814
9.5,30,1,0.0,0.33182678653959197,0.25766753397725684,0.041858383860197135
9.5,35,0,1.8,0.18424819947383528,0.12714005557762353,0.03182831993894808
9.5,35,1,0.0,0.3196564534888059,0.2482422926842952,0.040243624002653355
9.5,40,0,1.8,0.17578773153965918,0.12116579217839929,0.030365846683094055
9.5,40,1,0.0,0.30568835940916733,0.23740461007400582,0.03840220549127149
9.5,45,0,1.8,0.16668568946973636,0.1147355002576298,0.028794228948297973
9.5,45,1,0.0,0.29056719251014285,0.22564889822666412,0.03642252604910512
9.5,50,0,1.8,0.15749766765451523,0.10824181268768152,0.027209326451078653
9.5,50,1,0.0,0.2752046248833358,0.21368172243984207,0.03442523673146691
9.5,55,0,1.8,0.14880198010225676,0.10209412729181355,0.025710501653201878
9.5,55,1,0.0,0.260574178370215,0.20226363443706508,0.032535614078323505
9.5,60,0,1.8,0.1410601998285554,0.0966196593455213,0.024376788519431813
9.5,60,1,0.0,0.24747430202941315,0.19202336252958696,0.03085349382342717
9.5,65,0,1.8,0.1345326494570998,0.09200325867523473,0.0232525828128618
9.5,65,1,0.0,0.2363747188141331,0.18333500010095305,0.029435128654811793
9.5,70,0,1.8,0.12927506071681494,0.08828481822193202,0.02234720146757818
9.5,70,1,0.0,0.22739857042959044,0.17630127789724037,0.028292525019029457
9.5,75,0,1.8,0.12519293409919924,0.08539771795346152,0.021644244791610423
9.5,75,1,0.0,0.22040714053208268,0.17081832245825346,0.027405187102252482
9.5,80,0,1.8,0.12211200329164822,0.08321876256274763,0.021113671017000346
9.5,80,1,0.0,0.2151176768171039,0.16666761054632218,0.026735333100459835
9.5,85,0,1.8,0.11983561649654487,0.08160885931150896,0.020721621873550533
9.5,85,1,0.0,0.21120243960817064,0.16359392163905628,0.026240304687714322
9.5,90,0,1.8,0.11817974078505225,0.08043782728601645,0.02043641970531518
9.5,90,1,0.0,0.2083506844240673,0.16135442082572793,0.025880155057846688
9.5,95,0,1.8,0.11698877360801062,0.07959559904351898,0.020231279155583315
9.5,95,1,0.0,0.20629764252132574,0.15974179171413017,0.025621088710115036
9.5,100,0,1.8,0.11613909498187179,0.0789947355499041,0.020084917312922168
9.5,100,1,0.0,0.2048319305615134,0.158590316742507,0.025436243422944926
9.75,20,0,1.8,0.19956361774354991,0.13731466066077402,0.03485232769575053
9.75,20,1,0.0,0.34439581934277586,0.2665128443641813,0.04404880881093798
9.75,25,0,1.8,0.1947174349722714,0.13391122949223322,0.0340036502823754
9.75,25,1,0.0,0.3364955630435646,0.2604274871871718,0.04298122109199576
9.75,30,0,1.8,0.18863986275933772,0.12964143790690585,0.03294024991319522
9.75,30,1,0.0,0.32654922703535444,0.2527558434423506,0.041643166819414046
9.75,35,0,1.8,0.18133756064631576,0.12450907037048076,0.03166381780931471
9.75,35,1,0.0,0.31454163771241994,0.24347952864231803,0.04003653474711877
9.75,40,0,1.8,0.17300480437810695,0.11864987032462515,0.03020878473734223
9.75,40,1,0.0,0.30076375333284544,0.23281626956240054,0.03820440221790877
9.75,45,0,1.8,0.1640412076424195,0.11234440963781156,0.028645175296828196
9.75,45,1,0.0,0.28585258158848054,0.22125354646995254,0.03623472654031057
9.75,50,0,1.8,0.15499402848446614,0.10597781266570228,0.02706836224633169
9.75,50,1,0.0,0.27070765832617777,0.2094868207534316,0.0342475515133801
9.75,55,0,1.8,0.1464326316737055,0.09995139173583656,0.025577199963452313
9.75,55,1,0.0,0.25628846127655763,0.19826368101253444,0.032367517802366574
9.75,60,0,1.8,0.1388112138659564,0.09458567774044768,0.024250315367946307
9.75,60,1,0.0,0.2433809876800616,0.1882012731209991,0.030693949740625004
9.75,65,0,1.8,0.132385728398571,0.09006154441136383,0.023131872933651265
9.75,65,1,0.0,0.2324468070867608,0.17966603408932558,0.029282807645550135
9.75,70,0,1.8,0.1272107287322642,0.08641779418814177,0.022231137967130832
9.75,70,1,0.0,0.22360599903111036,0.1727577469491064,0.02814603063647292
9.75,75,0,1.8,0.12319295853923681,0.08358891238272137,0.021531791856773785
9.75,75,1,0.0,0.21672095547454812,0.16737347725740603,0.02726322248067181
9.75,80,0,1.8,0.12016073308464192,0.08145402659664391,0.021003944992940005
9.75,80,1,0.0,0.2115125412225654,0.16329799684357083,0.026596790811173276
9.75,85,0,1.8,0.11792040597596393,0.07987675596457933,0.020613911771402704
9.75,85,1,0.0,0.20765760632907337,0.16028030808904825,0.026104293082367724
9.75,90,0,1.8,0.11629079939701781,0.07872949912284433,0.02033017663186676
9.75,90,1,0.0,0.20484993904353418,0.15808176380291505,0.025745985435658314
9.75,95,0,1.8,0.11511874607961856,0.07790439043346886,0.020126091556558645
9.75,95,1,0.0,0.202828723000481,0.15649870733088778,0.025488244511525426
9.75,100,0,1.8,0.11428257153940091,0.07731575060679485,0.01998048290153298
9.75,100,1,0.0,0.20138577618132295,0.15536838944070908,0.025304345141537565
10.0,20,0,2.0,0.19563696864308386,0.1345681390098351,0.03415813507838161
10.0,20,1,0.0,0.3375910492703965,0.26019028807901756,0.04376515364198763
10.0,25,0,2.0,0.19088180546458894,0.13122748934969786,0.0333260683028771
10.0,25,1,0.0,0.3298204126008455,0.2542231262526453,0.04270428608717658
10.0,30,0,2.0,0.18491881360790768,0.1270368599987599,0.03228350212302811
10.0,30,1,0.0,0.3200393553497838,0.24670242400949693,0.04137466549428637
10.0,35,0,2.0,0.1777548168502305,0.12200023219909584,0.031032108618314513
10.0,35,1,0.0,0.3082343756663183,0.237611476323506,0.039778176084007244
10.0,40,0,2.0,0.16958072602350863,0.11625110679104178,0.029605658372039323
10.0,40,1,0.0,0.2946930833141924,0.22716511014903606,0.037957631273621395
10.0,45,0,2.0,0.16078880520375607,0.11006502311292199,0.028072812994608287
10.0,45,1,0.0,0.280042862297082,0.21584211648891327,0.03600043871068748
10.0,50,0,2.0,0.15191594650331997,0.10381991996558426,0.026527074433962183
10.0,50,1,0.0,0.2651681315608555,0.2043241280840582,0.034025884398116046
10.0,55,0,2.0,0.1435204702778637,0.0979093830601413,0.025065345422189633
10.0,55,1,0.0,0.2510109451996037,0.1933426587281275,0.03215781557145658
10.0,60,0,2.0,0.13604753735887623,0.0926475649893197,0.023764689629150904
10.0,60,1,0.0,0.23834190888135676,0.1835005473982365,0.030494918519482495
10.0,65,0,2.0,0.1297478056797144,0.08821155368980671,0.02266838352347511
10.0,65,1,0.0,0.2276125610175188,0.17515481997634452,0.029092788847749573
10.0,70,0,2.0,0.12467446301893553,0.08463912238176574,0.021785494492452817
10.0,70,1,0.0,0.2189392612299689,0.16840168223636243,0.02796328176094498
10.0,75,0,2.0,0.12073584820107967,0.08186582160944067,0.02110001564214059
10.0,75,1,0.0,0.21218583144750328,0.16313941835701884,0.02708612534734378
10.0,80,0,2.0,0.11776349479278869,0.07977300343646032,0.02058264197431081
10.0,80,1,0.0,0.2070776520792113,0.15915691387475395,0.026423963649680804
10.0,85,0,2.0,0.11556747693327513,0.07822687994058442,0.020200351172171005
10.0,85,1,0.0,0.20329727513612303,0.15620841539194308,0.025934623378929378
10.0,90,0,2.0,0.11397013989339043,0.07710231437795223,0.01992225030319894
10.0,90,1,0.0,0.20054410829508967,0.15406046465347578,0.025578613906831693
10.0,95,0,2.0,0.11282131597753702,0.07629354392109133,0.019722218856732754
10.0,95,1,0.0,0.1985622294687305,0.15251393414914105,0.025322526658582034
10.0,100,0,2.0,0.11200172431849076,0.07571656945316352,0.0195795028619572
10.0,100,1,0.0,0.1971474180426335,0.1514097453489861,0.025139807466851405
10.25,20,0,2.0,0.19091630715705815,0.13030961938231678,0.033886286926318454
10.25,20,1,0.0,0.3293908211918688,0.25257923197215815,0.04341858189394743
10.25,25,0,2.0,0.18626999993263896,0.12706676195776367,0.03306072822051487
10.25,25,1,0.0,0.3217783039365169,0.24675622660444596,0.04236592784239468
10.25,30,0,2.0,0.1804441572024534,0.12299940526782005,0.03202632466743138
10.25,30,1,0.0,0.31219870904889924,0.23941946381514,0.041046614843387785
10.25,35,0,2.0,0.17344587252184537,0.11811181335060228,0.030784740688966528
10.25,35,1,0.0,0.30064046493799723,0.23055417848313953,0.03946252144403395
10.25,40,0,2.0,0.16546210002237957,0.11253397033344636,0.029369488052313653
10.25,40,1,0.0,0.2873869848146278,0.22037154960946104,0.03765613835598047
10.25,45,0,2.0,0.15687634357025682,0.10653356332720587,0.0278486942606182
10.25,45,1,0.0,0.27305384402686916,0.2093397017350631,0.0357142013481212
10.25,50,0,2.0,0.14821306323616112,0.10047734508949324,0.026315128321569348
10.25,50,1,0.0,0.2585070416075423,0.1981234221495699,0.033755070269395504
10.25,55,0,2.0,0.14001727275668144,0.09474689430721539,0.024864928499685912
10.25,55,1,0.0,0.24466750165344023,0.18743474294289375,0.03190162277090969
10.25,60,0,2.0,0.1327231984937623,0.08964646985723457,0.023574546256781015
10.25,60,1,0.0,0.23228724610725615,0.1778592446823114,0.030251765544085152
10.25,65,0,2.0,0.1265750508522361,0.08534730315937278,0.022486910407566674
10.25,65,1,0.0,0.22180577032708176,0.1697426675994962,0.028860648663285637
10.25,70,0,2.0,0.12162431144991956,0.08188559277921514,0.021611010982767298
10.25,70,1,0.0,0.21333503714505753,0.16317699476281367,0.027740024930731688
10.25,75,0,2.0,0.11778119942306768,0.07919856180033713,0.02093096330748856
10.25,75,1,0.0,0.20674068211853014,0.15806206554253266,0.026869774456469098
10.25,80,0,2.0,0.11488110345694014,0.07717102800888287,0.020417691440033692
10.25,80,1,0.0,0.20175360246841012,0.1541917910741214,0.026212830231934547
10.25,85,0,2.0,0.11273857156310274,0.07567323564048511,0.020038432895657432
10.25,85,1,0.0,0.19806327639810917,0.1513267847630836,0.02572734802060328
10.25,90,0,2.0,0.11118019275976276,0.0745838771012508,0.01976253862265409
10.25,90,1,0.0,0.19537592063259646,0.14923987134196348,0.0253741466415488
10.25,95,0,2.0,0.11005941589941928,0.07380045487373521,0.019564094720990632
10.25,95,1,0.0,0.1934415352972389,0.1477373993366925,0.025120079976791998
10.25,100,0,2.0,0.10925984769831387,0.07324157799747366,0.01942251158872954
10.25,100,1,0.0,0.19206068909860197,0.14666472432291267,0.024938802809229
10.5,20,0,2.2,0.1853976620791367,0.12609714264598515,0.0331179526077362
10.5,20,1,0.0,0.31978926614691805,0.24367942012496746,0.043005791777617985
10.5,25,0,2.2,0.18087991085424265,0.12295155442921868,0.03231079789707292
10.5,25,1,0.0,0.3123645214166699,0.23802754973164553,0.041962924520602574
10.5,30,0,2.2,0.17521587927786986,0.11900676922973763,0.0312994764989013
10.5,30,1,0.0,0.30302395607044297,0.2309089375557717,0.04065589324392427
10.5,35,0,2.2,0.1684128763604873,0.1142673041698965,0.030085630700347532
10.5,35,1,0.0,0.2917581418595335,0.22231097363545615,0.03908656954357492
10.5,40,0,2.2,0.16065308537734987,0.10885961755265572,0.028702039896878917
10.5,40,1,0.0,0.2788453561000829,0.21244035508046044,0.0372970594233073
10.5,45,0,2.2,0.15230961615325986,0.10304357055237667,0.027215320941695986
10.5,45,1,0.0,0.2648870574625921,0.20175245091312877,0.035373297970272555
10.5,50,0,2.2,0.1438922871806187,0.09717479763674353,0.025716170319926568
10.5,50,1,0.0,0.25072739989747916,0.19089207929718266,0.03343254152958619
10.5,55,0,2.2,0.13593052911440534,0.09162296851946972,0.02429856505584449
10.5,55,1,0.0,0.23726238556026835,0.18054831401576954,0.0315965126732346
10.5,60,0,2.2,0.12884583516499692,0.08668255062183117,0.023037226201862215
10.5,60,1,0.0,0.2252222296357792,0.17128650749136498,0.029962189496714253
10.5,65,0,2.2,0.12287496868234105,0.08251899823098396,0.02197410026550417
10.5,65,1,0.0,0.21503238964500399,0.16343926405041442,0.028584191526229152
10.5,70,0,2.2,0.11806750798436481,0.07916697752126767,0.021117959095939498
10.5,70,1,0.0,0.20679979872689763,0.15709374410912857,0.027474149775158274
10.5,75,0,2.2,0.11433593952880519,0.07656539089084324,0.020453263904683494
10.5,75,1,0.0,0.20039233998508021,0.15215172646208808,0.026612125601760073
10.5,80,0,2.2,0.11152020125428828,0.07460250419068093,0.019951586508004326
10.5,80,1,0.0,0.19554747301142125,0.14841309930028967,0.02596139630066563
10.5,85,0,2.2,0.10944009258910951,0.07315256419252036,0.019580899056817147
10.5,85,1,0.0,0.19196286072569502,0.1456459942975149,0.025480509663635353
10.5,90,0,2.2,0.107927171555492,0.07209806021663157,0.019311241964035553
10.5,90,1,0.0,0.18935274316507467,0.14363063280626054,0.02513065315224361
10.5,95,0,2.2,0.10683911569751878,0.07133973052862785,0.019117285393465244
10.5,95,1,0.0,0.18747408764770324,0.14217979904239508,0.024878993297240082
10.5,100,0,2.2,0.10606290514754138,0.07079876770791516,0.018978904376250716
10.5,100,1,0.0,0.18613309170776404,0.14114405427527155,0.024699433783819114
10.75,20,0,2.4000000000000004,0.17916724712536022,0.12121576203600948,0.032324402993735735
10.75,20,1,0.0,0.30892132524800264,0.2336223628624463,0.042528801403268424
10.75,25,0,2.4000000000000004,0.17479521169846488,0.1181835497017465,0.031536271762775514
10.75,25,1,0.0,0.30171249554778357,0.22816717323170554,0.04149724842122238
10.75,30,0,2.4000000000000004,0.16931455488272398,0.11438158067030524,0.030548808360246316
10.75,30,1,0.0,0.29264651040802847,0.22129900429653093,0.040204415359704426
10.75,35,0,2.4000000000000004,0.16273280568844328,0.10981463222443533,0.02936363144941645
10.75,35,1,0.0,0.2817162162155943,0.2130075348306788,0.03865216552053852
10.75,40,0,2.4000000000000004,0.1552267150986974,0.10460501855996773,0.028012762669840985
10.75,40,1,0.0,0.26919379082204736,0.20349411898970193,0.03688215990137966
10.75,45,0,2.4000000000000004,0.14715759656337157,0.09900345971543323,0.026561256969375502
10.75,45,1,0.0,0.25566434230033425,0.19319934904295777,0.03497940779845676
10.75,50,0,2.4000000000000004,0.13901867759986225,0.09335264069909277,0.02509766876515851
10.75,50,1,0.0,0.24194694403167993,0.1827451312074967,0.033059889896578376
10.75,55,0,2.4000000000000004,0.13132175349378264,0.08800839211498623,0.023713741987527293
10.75,55,1,0.0,0.22890915958468913,0.17279437026362499,0.031243993718273022
10.75,60,0,2.4000000000000004,0.12447392707500814,0.08325382951262661,0.022482410330812663
10.75,60,1,0.0,0.2172564632530965,0.16388950197327345,0.029627624282248854
10.75,65,0,2.4000000000000004,0.11870356322985062,0.07924773270383989,0.02144460619177102
10.75,65,1,0.0,0.20739850618538563,0.15634836624599524,0.0282647881996414
10.75,70,0,2.4000000000000004,0.11405811395115423,0.07602302342232825,0.020608876781662344
10.75,70,1,0.0,0.19943668114369847,0.1502528219501349,0.02716697599621387
10.75,75,0,2.4000000000000004,0.11045265091996245,0.07352058078856716,0.01996004125376194
10.75,75,1,0.0,0.19324157416548873,0.14550699435626457,0.02631445871130833
10.75,80,0,2.4000000000000004,0.10773227042967047,0.07163269071364964,0.01947034100942402
10.75,80,1,0.0,0.18855820407520954,0.1419176542040146,0.025670911688938203
10.75,85,0,2.4000000000000004,0.10572271781023149,0.0702382553120161,0.0191085073518914
10.75,85,1,0.0,0.1850935934548257,0.13926152248922363,0.02519533586211886
10.75,90,0,2.4000000000000004,0.1042611732252805,0.0692241750278022,0.018845293057340173
10.75,90,1,0.0,0.18257112826021454,0.1373272421617897,0.024849344763779313
10.75,95,0,2.4000000000000004,0.10321009671705338,0.0684949448340918,0.018655971695859752
10.75,95,1,0.0,0.18075570367412383,0.13593491103225064,0.024600466259925402
10.75,100,0,2.4000000000000004,0.10246028259147774,0.06797475549753362,0.018520898290555365
10.75,100,1,0.0,0.1794599150923853,0.13494099922289582,0.02442289168793499
11.0,20,0,2.6,0.1723973171992323,0.1158247465698663,0.03151327684080352
11.0,20,1,0.0,0.29708512062759584,0.22269098302318602,0.041996551532005766
11.0,25,0,2.6,0.16818439860406992,0.1129185671984324,0.03074460670919854
11.0,25,1,0.0,0.29011545455846616,0.21745348292480904,0.04097763037273949
11.0,30,0,2.6,0.1629039271525482,0.10927529390512347,0.029781548969073368
11.0,30,1,0.0,0.28135329055396463,0.21086218823658287,0.03970064842198928
11.0,35,0,2.6,0.1565636355216168,0.10489995005063413,0.02862569733587217
11.0,35,1,0.0,0.27079377027156937,0.20290908930003104,0.03816745939502253
11.0,40,0,2.6,0.14933430622699279,0.09991020048789756,0.02730829749358543
11.0,40,1,0.0,0.25870208710930487,0.19378940097074204,0.03641922714033108
11.0,45,0,2.6,0.1415643502406141,0.0945465798225048,0.025892806128299584
11.0,45,1,0.0,0.24564509983953042,0.18392722364206648,0.03453992717497878
11.0,50,0,2.6,0.13372888745219805,0.0891373903342515,0.024465586539968553
11.0,50,1,0.0,0.23241414793374243,0.1739191506216069,0.03264411606596207
11.0,55,0,2.6,0.12632049897567324,0.0840231304496577,0.02311609913295032
11.0,55,1,0.0,0.21984555338761144,0.1643993783285811,0.030850691211194325
11.0,60,0,2.6,0.1197306378038201,0.07947437197447427,0.021915450487850485
11.0,60,1,0.0,0.20861778003940465,0.15588536776332518,0.029254360162399684
11.0,65,0,2.6,0.1141785611174238,0.07564254841350093,0.020903536884660512
11.0,65,1,0.0,0.19912336544022674,0.14867900758609032,0.02790844579655083
11.0,70,0,2.6,0.10970944412363447,0.07255869380160951,0.02008867666001468
11.0,70,1,0.0,0.19145785079228173,0.14285657108050653,0.026824282183397163
11.0,75,0,2.6,0.10624120295970074,0.07016590848092286,0.019456055575751696
11.0,75,1,0.0,0.185494954619667,0.13832491772596434,0.02598237464335451
11.0,80,0,2.6,0.10362456850799553,0.06836094842993756,0.01897860004591645
11.0,80,1,0.0,0.18098808379166653,0.1348984508041694,0.025346842933821834
11.0,85,0,2.6,0.10169176866158358,0.06702787845612346,0.01862581776791772
11.0,85,1,0.0,0.17765456695591428,0.13236333748757512,0.024877193804905384
11.0,90,0,2.6,0.10028610751687006,0.06605848461134389,0.018369189944427156
11.0,90,1,0.0,0.17522782651051574,0.13051744873041082,0.024535516341238184
11.0,95,0,2.6,0.09927525162989405,0.06536141956016861,0.01818460709983849
11.0,95,1,0.0,0.17348144074916963,0.12918887988968764,0.024289741682048227
11.0,100,0,2.6,0.0985541461969409,0.06486419070287963,0.01805291499650663
11.0,100,1,0.0,0.17223500405539444,0.12824055433165316,0.024114382190436046
11.25,20,0,2.8000000000000003,0.16534348485479783,0.1101581451153576,0.030697258670258964
11.25,20,1,0.0,0.2847269849363242,0.21130394753336812,0.041425316119385935
11.25,25,0,2.8000000000000003,0.16129727585625261,0.10738536375784713,0.02994818358729734
11.25,25,1,0.0,0.2780114124181748,0.2062974804524218,0.0404199599798547
11.25,30,0,2.8000000000000003,0.15622647500545145,0.10390998789115446,0.029009698302527642
11.25,30,1,0.0,0.26957168258021313,0.19999968326743245,0.039159999595753336
11.25,35,0,2.8000000000000003,0.15013898299437148,0.09973725294633784,0.027883370616490377
11.25,35,1,0.0,0.259405132190336,0.19240475958241432,0.037647278004659834
11.25,40,0,2.8000000000000003,0.14319928404037263,0.09497985501222506,0.026599664134204448
11.25,40,1,0.0,0.247769287209141,0.1837011650482383,0.03592242480053098
11.25,45,0,2.8000000000000003,0.13574224542880137,0.08986752149160293,0.025220425845410843
11.25,45,1,0.0,0.23521146954909586,0.17429535081398217,0.03406830513830217
11.25,50,0,2.8000000000000003,0.12822402775162872,0.08471334550949494,0.023829813083608098
11.25,50,1,0.0,0.22249360665793388,0.1647570978332149,0.032197946367481745
11.25,55,0,2.8000000000000003,0.12111713522564349,0.07984165568279378,0.022514987966382183
11.25,55,1,0.0,0.2104191112004802,0.15569041277099593,0.030428646134990744
11.25,60,0,2.8000000000000003,0.11479670357112425,0.07550983165932346,0.021345218771647523
11.25,60,1,0.0,0.1996381782941391,0.14758667285538163,0.028853826728680865
11.25,65,0,2.8000000000000003,0.10947252523549267,0.07186161344155362,0.020359359878787675
11.25,65,1,0.0,0.19052559047247128,0.14073125884152693,0.027526077429967266
11.25,70,0,2.8000000000000003,0.10518744486124576,0.06892609465263033,0.019565500122714963
11.25,70,1,0.0,0.18317097982513073,0.13519481974505854,0.026456564752983636
11.25,75,0,2.8000000000000003,0.101862384470639,0.06664875324648867,0.018949194837735495
11.25,75,1,0.0,0.17745154156672702,0.1308872636707299,0.02562604582117478
11.25,80,0,2.8000000000000003,0.09935398009348143,0.06493107777030716,0.018484060190102514
11.25,80,1,0.0,0.17312960938712046,0.12763110938194255,0.024999117650104652
11.25,85,0,2.8000000000000003,0.09750123868155215,0.06366258352003362,0.018140385389128544
11.25,85,1,0.0,0.16993339437679822,0.1252224832636124,0.02453583006657989
11.25,90,0,2.8000000000000003,0.09615386157894205,0.06274020750830334,0.01789038474743454
11.25,90,1,0.0,0.16760687968314586,0.12346894912712192,0.024198782680014075
11.25,95,0,2.8000000000000003,0.09518495083477096,0.06207698242799842,0.017710569651042674
11.25,95,1,0.0,0.16593276227365425,0.1222069850697245,0.02395633953172338
11.25,100,0,2.8000000000000003,0.0944937833635858,0.061603907908932,0.017582279679208113
11.25,100,1,0.0,0.16473797754187514,0.1213062696525461,0.023783357581958264
11.5,20,0,3.0,0.15830968922963454,0.10449201543378861,0.02989274929167407
11.5,20,1,0.0,0.2723822593035665,0.19995884874792402,0.040837300326848514
11.5,25,0,3.0,0.154430675654371,0.10185356008390556,0.02916300915909731
11.5,25,1,0.0,0.2659248908435752,0.1951868331542057,0.03984591628786438
11.5,30,0,3.0,0.14957008360201401,0.09854717630851573,0.028248768996175455
11.5,30,1,0.0,0.25781245919362306,0.18918653016590792,0.03860348766336186
11.5,35,0,3.0,0.14373593336463297,0.09457826393552238,0.02715157025241799
11.5,35,1,0.0,0.24804428980370552,0.181954151469351,0.03711184607903206
11.5,40,0,3.0,0.13708634423356963,0.09005446731878808,0.025901104067518554
11.5,40,1,0.0,0.23686987248132613,0.17367105274437122,0.03541107043350289
11.5,45,0,3.0,0.1299425734007241,0.08519460465115403,0.02455762867621769
11.5,45,1,0.0,0.22481653047159267,0.1647256311219456,0.03358288197038062
11.5,50,0,3.0,0.1227417809859061,0.08029646856279549,0.02320312495477095
11.5,50,1,0.0,0.21261635826007994,0.15566051207706777,0.03173873304883068
11.5,55,0,3.0,0.11593639464852307,0.07566816474400828,0.021922488179126343
11.5,55,1,0.0,0.20103960884469274,0.14704934295453642,0.02999427405303312
11.5,60,0,3.0,0.10988527077596058,0.07155387483007813,0.020783174085813205
11.5,60,1,0.0,0.19070817632040343,0.13935744925094917,0.028441604158502498
11.5,65,0,3.0,0.10478879257472806,0.0680896750562292,0.019823010304999333
11.5,65,1,0.0,0.18197922367290126,0.13285387551640682,0.027132557739114382
11.5,70,0,3.0,0.10068752570846806,0.06530276346046404,0.019049860145884723
11.5,70,1,0.0,0.17493668205508117,0.12760386237973098,0.02607812922079422
11.5,75,0,3.0,0.09750543387621413,0.0631410390057161,0.018449644041469426
11.5,75,1,0.0,0.1694614256263699,0.12352055558626618,0.025259335317708076
11.5,80,0,3.0,0.09510507686971678,0.061510756946019374,0.017996658778645536
11.5,80,1,0.0,0.1653248733446483,0.12043472345683148,0.024641264639892246
11.5,85,0,3.0,0.09333224645727703,0.06030690683575812,0.017661964483246417
11.5,85,1,0.0,0.16226622786914546,0.11815253320821861,0.024184526271133433
11.5,90,0,3.2,0.09204291225056736,0.05978390384860677,0.017211181412917997
11.5,90,1,0.0,0.16004010244001166,0.11649128509960316,0.023852245494357938
11.5,95,0,3.2,0.09111576132238644,0.05915093425627327,0.01703813356830186
11.5,95,1,0.0,0.1584383546960031,0.11529586018140581,0.023613232067410173
11.5,100,0,3.2,0.09045439728527817,0.05869945409084543,0.016914672467313374
11.5,100,1,0.0,0.15729528586390737,0.11444269971886334,0.023442697732378837
11.75,20,0,3.4000000000000004,0.15159620052489223,0.09966853130682574,0.028780981892980284
11.75,20,1,0.0,0.26058530695362014,0.18914763387710176,0.04025745475089315
11.75,25,0,3.4000000000000004,0.14787773991974124,0.09714516089872338,0.028077987659422265
11.75,25,1,0.0,0.2543787025444431,0.18460294527918653,0.03927985721485683
11.75,30,0,3.4000000000000004,0.143218887466096,0.0939835051832717,0.027197283695779007
11.75,30,1,0.0,0.24658381689008435,0.17889078123685576,0.03805472685484035
11.75,35,0,3.4000000000000004,0.13762770178828054,0.09018906645241553,0.026140373726979416
11.75,35,1,0.0,0.23720168668065855,0.17200908451728547,0.03658388362551357
11.75,40,0,3.4000000000000004,0.13125611765354367,0.0858651231928208,0.024935879094542868
11.75,40,1,0.0,0.2264737751907899,0.1641321087022256,0.03490686264033194
11.75,45,0,3.4000000000000004,0.12441228756638839,0.08122112620188271,0.023641859626179818
11.75,45,1,0.0,0.2149078521227722,0.1556306165814727,0.033104256200764404
11.75,50,0,3.4000000000000004,0.11751515672925184,0.07654177071100898,0.022337285893084036
11.75,50,1,0.0,0.20320709034147694,0.1470209537267516,0.03128596271454431
11.75,55,0,3.4000000000000004,0.1109979720259461,0.07212130973011632,0.021103918997546933
11.75,55,1,0.0,0.19210979642816303,0.13884758337724978,0.02956600767700779
11.75,60,0,3.4000000000000004,0.10520409082326868,0.06819268446784132,0.020006709620839613
11.75,60,1,0.0,0.18221076543728665,0.13155095018370122,0.028035185443285537
11.75,65,0,3.4000000000000004,0.10032498441119879,0.06488547007784629,0.019082067254913238
11.75,65,1,0.0,0.1738504316992312,0.1253846351505008,0.026744586205135534
11.75,70,0,3.4000000000000004,0.09639911204344706,0.06222528595533838,0.01833754475771099
11.75,70,1,0.0,0.1671074642444756,0.1204089046117085,0.025705035078098293
11.75,75,0,3.4000000000000004,0.09335339226517961,0.060162126146776185,0.017759568304943185
11.75,75,1,0.0,0.16186644147778378,0.1165401727258939,0.024897805148170526
11.75,80,0,3.4000000000000004,0.09105607028140791,0.0586063307074326,0.017323376219985476
11.75,80,1,0.0,0.15790761769969328,0.11361721852356776,0.024288470103603244
11.75,85,0,3.4000000000000004,0.089359429177535,0.05745756823894477,0.017001094669758965
11.75,85,1,0.0,0.15498080921810334,0.11145588496025671,0.02383819073990978
11.75,90,0,3.4000000000000004,0.08812567559478648,0.056622352421785926,0.016766660690000323
11.75,90,1,0.0,0.15285086079536012,0.10988282233313429,0.02351061086013284
11.75,95,0,3.4000000000000004,0.08723852545831395,0.056021850002995754,0.016598044385481292
11.75,95,1,0.0,0.15131843105123044,0.10875096531891715,0.023274979842537236
11.75,100,0,3.4000000000000004,0.0866057084930921,0.05559354124108251,0.016477745442358582
11.75,100,1,0.0,0.1502248896685826,0.1079432287855363,0.02310685934296841
12.0,20,0,3.6,0.14544936195014438,0.09473607869000356,0.028066637211847545
12.0,20,1,0.2,0.2497735135519042,0.18036421502130107,0.03906429325329597
12.0,25,0,3.6,0.14187852372179122,0.09233108844506932,0.027380844280424643
12.0,25,1,0.2,0.24380264154402703,0.17600698655317704,0.038115091171088245
12.0,30,0,3.6,0.13740515346279816,0.0893182506219572,0.026521707553435858
12.0,30,1,0.2,0.2363057062558685,0.1705322077233522,0.036925587372068414
12.0,35,0,3.6,0.13203733641730458,0.08570313670183327,0.02549070571498313
12.0,35,1,0.0,0.22728175025616293,0.16293745853301522,0.036084877484204525
12.0,40,0,3.6,0.12592130996548365,0.08158449873326079,0.024315771313072276
12.0,40,1,0.0,0.2169674943350258,0.15543595003222843,0.03443032017811609
12.0,45,0,3.6,0.11935316713021649,0.07716213234669966,0.023053549872656953
12.0,45,1,0.0,0.20585250758537044,0.14734427048596632,0.03265190417612007
12.0,50,0,3.6,0.11273510071712192,0.07270727125891485,0.021781076151886514
12.0,50,1,0.0,0.19461312555587112,0.13915442642762132,0.03085805831073518
12.0,55,0,3.6,0.10648272706968795,0.06849996304630834,0.020578096484340946
12.0,55,1,0.0,0.18395817782834206,0.13138401584740578,0.029161271753491924
12.0,60,0,3.6,0.100925167989848,0.06476164990776967,0.019507951812987256
12.0,60,1,0.0,0.17445759457157453,0.12445071530419238,0.02765110545140126
12.0,65,0,3.6,0.09624572042493004,0.061615280912167836,0.018606140889860123
12.0,65,1,0.0,0.16643658054978017,0.11859407165885993,0.026377946406423658
12.0,70,0,3.6,0.09248092465445537,0.05908489433132813,0.017880017837133666
12.0,70,1,0.0,0.15996914190329872,0.11386995981189574,0.025352460053766457
12.0,75,0,3.6,0.0895604275545733,0.057122658865124576,0.017316334523205135
12.0,75,1,0.0,0.15494340863785594,0.11019793296984359,0.024556162157654327
12.0,80,0,3.6,0.0873577063227856,0.05564311710700065,0.016890934832814675
12.0,80,1,0.0,0.1511478565074754,0.10742421168122174,0.023955085191913916
12.0,85,0,3.6,0.08573101176780488,0.054550740219122096,0.016576630322754582
12.0,85,1,0.0,0.1483421155369984,0.10537356575075296,0.023510911638967902
12.0,90,0,3.6,0.084548164506212,0.05375656343526791,0.016348000629967108
12.0,90,1,0.0,0.14630046336031177,0.10388124492931838,0.023187775547643175
12.0,95,0,3.6,0.0836976416491774,0.05318558982066224,0.016183559899126565
12.0,95,1,0.0,0.14483165907294748,0.10280757781482508,0.022955341916542582
12.0,100,0,3.6,0.0830909628023034,0.05277835404742948,0.016066240444043478
12.0,100,1,0.0,0.1437835713960374,0.10204141595909277,0.02278950319820272
12.25,20,0,3.8000000000000003,0.14003524994860952,0.09044229159894901,0.027407622558623834
12.25,20,1,0.4,0.24021434983637022,0.1726832222992276,0.037959486786554475
12.25,25,0,3.8000000000000003,0.1365950294956847,0.08814092275101193,0.0267377098498075
12.25,25,1,0.4,0.23445417466747867,0.16849193869938883,0.037036609392994024
12.25,30,0,3.8000000000000003,0.13228572637704064,0.08525830499883835,0.0258984831636484
12.25,30,1,0.2,0.22722165159897,0.16223604776070022,0.03646211990486459
12.25,35,0,3.8000000000000003,0.1271154165962742,0.08180004080047709,0.024891397526939474
12.25,35,1,0.2,0.2185206701584497,0.155932772434061,0.035051704543758055
12.25,40,0,3.8000000000000003,0.12122526447403328,0.07786089106565397,0.02374374906375254
12.25,40,1,0.2,0.2085786985739224,0.14872441876870846,0.033443694003067015
12.25,45,0,3.8000000000000003,0.11490067553804256,0.07363218408918482,0.022510877322857503
12.25,45,1,0.2,0.19786849722741728,0.1409523193172264,0.03171539877070051
12.25,50,0,3.8000000000000003,0.10852903048857224,0.06937337935175802,0.02126803008047895
12.25,50,1,0.2,0.18704219446562215,0.13308945046321818,0.02997220235435527
12.25,55,0,3.8000000000000003,0.10251038623136585,0.06535212594232076,0.020093094287673585
12.25,55,1,0.2,0.17678230884181334,0.1256325095952855,0.02832341132148697
12.25,60,0,3.8000000000000003,0.09716132606614508,0.061779852342635944,0.019047925719711256
12.25,60,1,0.2,0.16763680263576275,0.11898154750513057,0.026856032429783627
12.25,65,0,3.8000000000000003,0.09265796903957516,0.05877375751776748,0.018167183248122165
12.25,65,1,0.2,0.1599176171547403,0.11336532174104264,0.025618997302175095
12.25,70,0,3.8000000000000003,0.08903519543680288,0.05635653055675449,0.017458038164734346
12.25,70,1,0.2,0.15369490233538108,0.10883641123342924,0.02462264182467755
12.25,75,0,3.8000000000000003,0.08622508325528722,0.054482259619634155,0.016907543315090034
12.25,75,1,0.2,0.14886017008823965,0.10531689499150532,0.023848985351020202
12.25,80,0,3.8000000000000003,0.0841057393000593,0.05306916648880389,0.016492101653679647
12.25,80,1,0.2,0.14520934525420615,0.10265882618904754,0.02326501121479918
12.25,85,0,3.8000000000000003,0.08254068504589122,0.052025917576654646,0.016185157334845046
12.25,85,1,0.2,0.1425108531171635,0.10069393243662106,0.022833482753260248
12.25,90,0,3.8000000000000003,0.08140269479016773,0.05126749365581118,0.015961883020209733
12.25,90,1,0.2,0.14054738315876567,0.09926414891259272,0.022519549556572316
12.25,95,0,3.8000000000000003,0.08058444457181162,0.05072224327319885,0.01580129488153692
12.25,95,1,0.2,0.13913489771573917,0.09823554397951972,0.022293737491893784
12.25,100,0,3.8000000000000003,0.08000079517603917,0.05033336364402985,0.015686724430593713
12.25,100,1,0.2,0.13812703450997696,0.0975015734683865,0.022132624142112034
12.5,20,0,4.0,0.13542434101194098,0.08684735332080584,0.026809992759491252
12.5,20,1,0.4,0.23204560338960695,0.165232086486796,0.03753736288400644
12.5,25,0,4.0,0.13209577999306887,0.08463314627391394,0.026154490423032306
12.5,25,1,0.4,0.2264652969307981,0.16120355900939076,0.036624551718474896
12.5,30,0,4.0,0.12792669388825445,0.08186003243986595,0.025333330263757947
12.5,30,1,0.4,0.2194617564898447,0.15614456259279985,0.03548070229237932
12.5,35,0,4.0,0.12292512646905607,0.0785336193001881,0.024347945393451753
12.5,35,1,0.4,0.21103911535420627,0.1500562390841802,0.03410757427648592
12.5,40,0,4.0,0.11722788174674025,0.07474528998252916,0.023225053978947696
12.5,40,1,0.4,0.20141762289139745,0.14309598143194113,0.0325421420349743
12.5,45,0,4.0,0.11111121655982811,0.07067923917067176,0.022018810228915497
12.5,45,1,0.4,0.19105555479155528,0.13559408232163517,0.030859689688188308
12.5,50,0,4.0,0.1049498576223149,0.06658502882391126,0.020802840469649198
12.5,50,1,0.4,0.18058418063483242,0.1280073955043951,0.02916281478261018
12.5,55,0,4.0,0.09913059088015824,0.0627199045329585,0.0196533449101175
12.5,55,1,0.4,0.1706634334354098,0.12081498037901894,0.02755791356258286
12.5,60,0,4.0,0.0939593234942159,0.05928690840936823,0.01863083240285157
12.5,60,1,0.4,0.16182249025965822,0.1144020713552919,0.026129658179039006
12.5,65,0,4.0,0.08960607884114734,0.05639843810295686,0.017769200434229693
12.5,65,1,0.4,0.15436201306738795,0.10898840644722807,0.024925650953035228
12.5,70,0,4.0,0.08610434588816315,0.05407607252321689,0.01707545492055662
12.5,70,1,0.4,0.148348940397967,0.10462386300872684,0.02395592787602363
12.5,75,0,4.0,0.0833882931958845,0.05227552567102567,0.01653692207344637
12.5,75,1,0.4,0.14367775577260675,0.10123270706862775,0.02320296982587
12.5,80,0,4.0,0.08133998520810175,0.05091811449564965,0.016130512183795354
12.5,80,1,0.4,0.1401508139866392,0.09867194267957491,0.02263463018062606
12.5,85,0,4.0,0.0798274418253603,0.049916028174868954,0.015830243323818438
12.5,85,1,0.4,0.13754410117275442,0.09677917776003764,0.02221466083100987
12.5,90,0,4.0,0.07872766193282235,0.04918755755499293,0.015611826104605542
12.5,90,1,0.4,0.13564752420589796,0.09540198623683305,0.021909139981802883
12.5,95,0,4.0,0.07793690085611359,0.04866385634133541,0.015454732067516574
12.5,95,1,0.4,0.13428321900300433,0.09441127201796873,0.021689380579432704
12.5,100,0,4.0,0.07737286667344398,0.048290353505797134,0.015342654804498146
12.5,100,1,0.4,0.13330976420320806,0.09370436705255958,0.02153258655920498
12.75,20,0,4.0,0.13160788342430496,0.08346793764130678,0.026552909284116577
12.75,20,1,0.6000000000000001,0.2252630373058162,0.1600469483404896,0.03659769939136859
12.75,25,0,4.0,0.12837213723199659,0.08133600258956042,0.025903608613197737
12.75,25,1,0.6000000000000001,0.2198351352183533,0.15613270465102658,0.03570731209842748
12.75,30,0,4.0,0.12431960316138504,0.07866622339696272,0.025090223390836663
12.75,30,1,0.6000000000000001,0.21302384483613823,0.1512181375148942,0.034591592541908245
12.75,35,0,4.0,0.11945829609325356,0.0754641949099435,0.024114177166652984
12.75,35,1,0.6000000000000001,0.20483383994137294,0.14530496827991513,0.03325227744791637
12.75,40,0,4.2,0.11392111881775369,0.07222843057436179,0.02276040484905406
12.75,40,1,0.6000000000000001,0.19547999758773507,0.13854672781970134,0.03172545280472572
12.75,45,0,4.2,0.10797683186254775,0.0682941873007592,0.021578026212816792
12.75,45,1,0.6000000000000001,0.1854084328850788,0.13126467353582216,0.030084564323092144
12.75,50,0,4.2,0.101989750026585,0.0643333054556331,0.020386143865265827
12.75,50,1,0.6000000000000001,0.17523298104277796,0.12390251964957655,0.02842968317247141
12.75,55,0,4.2,0.09633566590392245,0.06059460692395857,0.019259446458802287
12.75,55,1,0.6000000000000001,0.16559476140486235,0.11692499673173229,0.026864567454782384
12.75,60,0,4.2,0.09131165539765082,0.05727435403229175,0.018257236097270035
12.75,60,1,0.6000000000000001,0.15700735657302428,0.11070534089396811,0.025471773928856578
12.75,65,0,4.2,0.08708271065060491,0.05448107241421607,0.017412728374346376
12.75,65,1,0.6000000000000001,0.14976211137989234,0.10545601930191739,0.02429770122233821
12.75,70,0,4.2,0.08368118494619028,0.05223545657703044,0.01673278139362344
12.75,70,1,0.6000000000000001,0.143923362272538,0.10122476731364938,0.023352114681699176
12.75,75,0,4.2,0.08104299028923925,0.05049454705125944,0.016204966610576355
12.75,75,1,0.6000000000000001,0.13938811873982215,0.09793766428641204,0.022617914384358895
12.75,80,0,4.2,0.0790534757017798,0.04918217222855226,0.01580664910189855
12.75,80,1,0.6000000000000001,0.13596411807116396,0.09545575527139893,0.022063742823391186
12.75,85,0,4.2,0.07758438956766393,0.04821337536524006,0.015512361295543453
12.75,85,1,0.6000000000000001,0.13343365280695668,0.093621430985668,0.021654248130169806
12.75,90,0,4.2,0.07651623005626726,0.04750912707848276,0.015298295869284995
12.75,90,1,0.6000000000000001,0.13159263961439707,0.09228684420393207,0.021356350241449995
12.75,95,0,4.2,0.07574821616554939,0.04700285108070257,0.015144332402851068
12.75,95,1,0.6000000000000001,0.13026835004823112,0.09132682176860862,0.021142075458601473
12.75,100,0,4.2,0.075200412998019,0.04664178183416823,0.015034488919912214
12.75,100,1,0.6000000000000001,0.12932347045490336,0.09064183834768713,0.02098919535718602
13.0,20,0,4.2,0.12851979206208464,0.08120991174136405,0.02606463548277682
13.0,20,1,0.8,0.2197700965178707,0.155995567269135,0.03574972308749158
13.0,25,0,4.2,0.12535922975251587,0.0791331290881312,0.025427118037873342
13.0,25,1,0.8,0.21446650375084952,0.1521711995658399,0.03487959069706448
13.0,30,0,4.2,0.12140106638278045,0.07653260797011396,0.02462850494862734
13.0,30,1,0.8,0.20781194366308736,0.14737016977732242,0.03378927875633231
13.0,35,0,4.2,0.11665326777249511,0.0734139254265882,0.023670201379945244
13.0,35,1,0.8,0.19981147783285644,0.1415946238348691,0.03248050235175726
13.0,40,0,4.2,0.11124604753598365,0.0698631014287524,0.022578203592488966
13.0,40,1,0.8,0.1906755492875135,0.13499502427664634,0.030988544124039508
13.0,45,0,4.2,0.10544187933116354,0.06605306295198621,0.021405186105398433
13.0,45,1,0.6000000000000001,0.18083873092648511,0.12710285530189336,0.029844632720348097
13.0,50,0,4.2,0.09959645682672899,0.06221777882309709,0.020222751766842295
13.0,50,1,0.6000000000000001,0.1709023858730898,0.11995769913143983,0.02820275690685292
13.0,55,0,4.2,0.09407663238698369,0.05859813857191809,0.019104996361803295
13.0,55,1,0.6000000000000001,0.16149265456641426,0.11318771930855387,0.026649961916388465
13.0,60,0,4.2,0.08917230172831238,0.05538402884961846,0.01811074875217289
13.0,60,1,0.6000000000000001,0.15311045023445652,0.10715459593440158,0.02526814958826762
13.0,65,0,4.2,0.085044369004837,0.0526803417912205,0.017272957184480298
13.0,65,1,0.6000000000000001,0.14603950943684996,0.10206382116530777,0.02410334604208364
13.0,70,0,4.2,0.08172426806920932,0.05050695086218204,0.016598421886486636
13.0,70,1,0.6000000000000001,0.14034200185696838,0.09796110568338767,0.023165233043282774
13.0,75,0,4.2,0.0791493319074474,0.048822153932503776,0.016074810573496245
13.0,75,1,0.6000000000000001,0.13591693989974135,0.09477431079968823,0.02243684064709006
13.0,80,0,4.4,0.07720732326603427,0.04782580250168955,0.015518541626085125
13.0,80,1,0.6000000000000001,0.13257639514352204,0.09236840028030302,0.02188705580189354
13.0,85,0,4.4,0.07577333940732531,0.04688305987743602,0.015229576194052519
13.0,85,1,0.6000000000000001,0.13010775608387487,0.09059038892523608,0.02148080421096399
13.0,90,0,4.4,0.07473071980225995,0.04619776824592914,0.015019383268429887
13.0,90,1,0.6000000000000001,0.12831180317159488,0.0892968501741207,0.02118526646910246
13.0,95,0,4.4,0.07398107827284736,0.04570512881890032,0.01486820556114532
13.0,95,1,0.6000000000000001,0.1270199678030725,0.08836639520220013,0.020972689765219044
13.0,100,0,4.4,0.07344638419094777,0.045353789510995224,0.014760349811736795
13.0,100,1,0.6000000000000001,0.12609826524427506,0.08770252880614271,0.020821021434195508
13.25,20,0,4.4,0.12607149061706086,0.07949965017555927,0.025630494377353874
13.25,20,1,0.8,0.2154038921533919,0.15202241991077514,0.0355185130838922
13.25,25,0,4.4,0.12297061673493517,0.07746473681449051,0.025003458776732157
13.25,25,1,0.8,0.21019832608719385,0.1482866849628215,0.03465390654374845
13.25,30,0,4.4,0.11908736211443426,0.0749167859539297,0.024217985976767387
13.25,30,1,0.8,0.20366747730091642,0.14359758315449855,0.03357052596848109
13.25,35,0,4.4,0.1144296458920651,0.07186135615704403,0.023275464550012392
13.25,35,1,0.8,0.19581678946446665,0.13795765280045802,0.032270080390593314
13.25,40,0,4.4,0.10912532292255717,0.06838282439696208,0.022201469720938283
13.25,40,1,0.8,0.18685328063546847,0.13151430430240285,0.030787633137097425
13.25,45,0,4.4,0.10343196269683125,0.06465067981522976,0.021047813459765585
13.25,45,1,0.8,0.17720530807452445,0.12457463159350679,0.029194515577069202
13.25,50,0,4.4,0.09769850629494037,0.06089414332632159,0.019884919393305167
13.25,50,1,0.8,0.1674612692863283,0.1175618483288482,0.02758789468087064
13.25,55,0,4.4,0.09228474966557551,0.057349132449602935,0.018785657185866222
13.25,55,1,0.8,0.15823485351810798,0.1109184085280388,0.026068497052981865
13.25,60,0,4.4,0.08747493288952238,0.054201541805252496,0.017807877108394043
13.25,60,1,0.8,0.15001692623411894,0.10499896178600576,0.024716449675360685
13.25,65,0,4.4,0.0834267492476263,0.051553992270324756,0.016983974692530324
13.25,65,1,0.8,0.14308527821011616,0.10000477003037411,0.023576769517495322
13.25,70,0,4.4,0.08017092057020442,0.04942584846518516,0.016320630650011325
13.25,70,1,0.8,0.13750048142098567,0.09598033045059529,0.02265891233552375
13.25,75,0,4.4,0.07764591060912418,0.04777620038400887,0.01580571189712665
13.25,75,1,0.8,0.1331632489040708,0.09285460538733725,0.0219462608921962
13.25,80,0,4.4,0.07574185546870635,0.04653273281778203,0.015417130971131954
13.25,80,1,0.8,0.1298891758728391,0.09049495542446839,0.021408364969629834
13.25,85,0,4.4,0.07433593099781244,0.04561486414412941,0.015130039325695899
13.25,85,1,0.8,0.12746975163719282,0.08875121698738508,0.021010902735181025
13.25,90,0,4.4,0.0733137260392917,0.0449476694854094,0.014921209737577823
13.25,90,1,0.8,0.1257096523001179,0.08748265805606048,0.020721761320033782
13.25,95,0,4.4,0.07257876943992095,0.04446804773228641,0.01477101276919679
13.25,95,1,0.8,0.12444363225508859,0.08657019501860153,0.02051378660969827
13.25,100,0,4.4,0.07205455309737949,0.04412599652402016,0.014663856807858422
13.25,100,1,0.8,0.12354036163486508,0.08591917772496671,0.020365402299940216
13.5,20,0,4.4,0.12415631641861927,0.07781039293087377,0.025497602051614998
13.5,20,1,1.0,0.21198733031020833,0.14982100322531755,0.03480372181464164
13.5,25,0,4.4,0.12110233483022925,0.07581691576551874,0.02487377592041795
13.5,25,1,1.0,0.20686013836834688,0.14613458638413934,0.03395620704953384
13.5,30,0,4.4,0.1172779401736552,0.07332098508862028,0.024092326520608776
13.5,30,1,1.0,0.20042799890186216,0.14150774843431824,0.032894264980908194
13.5,35,0,4.4,0.11269102040480966,0.07032813699566898,0.023154637299494518
13.5,35,1,0.8,0.19269625187154965,0.1351205855691352,0.03210333311906732
13.5,40,0,4.4,0.10746758105261617,0.06692111837009973,0.02208615451912732
13.5,40,1,0.8,0.1838679554890868,0.12879963432855268,0.030628424212078897
13.5,45,0,4.4,0.1018613380989225,0.06326601386694208,0.020938426018812017
13.5,45,1,0.8,0.17436676330750314,0.12199294765297819,0.029043420973249967
13.5,50,0,4.4,0.09621592134082418,0.05958734691350476,0.019781514369011433
13.5,50,1,0.8,0.1647722594447679,0.11511576452518346,0.027444997011520256
13.5,55,0,4.4,0.09088557311092586,0.056116119552035104,0.018687913858171035
13.5,55,1,0.8,0.15568861794510203,0.10860189902616879,0.025933364069960718
13.5,60,0,4.4,0.08615008080149583,0.05303428296589552,0.017715175197411948
13.5,60,1,0.8,0.14759881570126568,0.10279881352784603,0.024588236572599786
13.5,65,0,4.4,0.0821646093750519,0.050442217288837465,0.016895524756596725
13.5,65,1,0.8,0.14077593063367663,0.0979034557474725,0.023454396991884785
13.5,70,0,4.4,0.07895931984035864,0.04835878844066088,0.016235606705704564
13.5,70,1,0.8,0.13527921926461567,0.09395909655395229,0.022541248653331403
13.5,75,0,4.6000000000000005,0.07647337637057894,0.047011412885406445,0.015565860873630877
13.5,75,1,0.8,0.13101067289872192,0.09089583701567783,0.02183225640179065
13.5,80,0,4.6000000000000005,0.07459869103961124,0.04578736825143814,0.015183131051866527
13.5,80,1,0.8,0.12778860894729646,0.08858349786595798,0.02129712416549323
13.5,85,0,4.6000000000000005,0.07321447193230608,0.04488385345943069,0.014900363807573758
13.5,85,1,0.8,0.1254077052096254,0.08687480659460722,0.02090170506765776
13.5,90,0,4.6000000000000005,0.07220805848326851,0.044227101518139134,0.014694680567723162
13.5,90,1,0.8,0.12367567559253484,0.08563178974133734,0.020614050500704417
13.5,95,0,4.6000000000000005,0.07148446114352013,0.043754991300097856,0.014546746966718982
13.5,95,1,0.8,0.12242986994720183,0.08473772254296497,0.020407145531904036
13.5,100,0,4.6000000000000005,0.07096834963117822,0.04341829945747,0.014441205984534244
13.5,100,1,0.8,0.12154103407004932,0.08409984225898715,0.02025952459474245
13.75,20,0,4.4,0.12267844684024243,0.07650898527152494,0.02539380092277499
13.75,20,1,1.0,0.20934190813339015,0.1474152940933835,0.034662714141180384
13.75,25,0,4.4,0.11966070490422359,0.07454748552602408,0.024772481987176187
13.75,25,1,1.0,0.2042745153704464,0.14378294194741303,0.033818572601784336
13.75,30,0,4.4,0.11588179447216168,0.07209169596377407,0.023994175593169187
13.75,30,1,1.0,0.19791781162454777,0.13922434704132647,0.03276086151954194
13.75,35,0,4.6000000000000005,0.11134938782527815,0.06953814689726034,0.022830141722363417
13.75,35,1,1.0,0.19027762677089555,0.1337424729625868,0.03149126694606397
13.75,40,0,4.6000000000000005,0.10618801389838392,0.06616802258043708,0.021776465481145202
13.75,40,1,1.0,0.1815560048027371,0.127481137775047,0.030044039428053004
13.75,45,0,4.6000000000000005,0.10064857998487935,0.0625526582358591,0.020644659852364855
13.75,45,1,1.0,0.1721702187922049,0.12073920540457117,0.028488831404490433
13.75,50,0,4.6000000000000005,0.09507064329589499,0.05891415352567819,0.01950381751189223
13.75,50,1,1.0,0.1626928874710036,0.11392802938885993,0.026920504754202157
13.75,55,0,4.6000000000000005,0.089804197310731,0.05548097569345767,0.01842542448074902
13.75,55,1,1.0,0.15372076677272858,0.10747721932942322,0.025437380849003155
13.75,60,0,4.6000000000000005,0.08512562939952625,0.052433043623131836,0.01746622692729083
13.75,60,1,1.0,0.14573076573139104,0.10173074435865048,0.024117659631023858
13.75,65,0,4.6000000000000005,0.0811881786108398,0.04986958376423123,0.01665799696859327
13.75,65,1,1.0,0.13899240617011285,0.0968834590894867,0.023005262988603614
13.75,70,0,4.6000000000000005,0.07802158380328571,0.047809206555539996,0.016007280733968066
13.75,70,1,1.0,0.13356402712254145,0.0929780435291987,0.022109402113731025
13.75,75,0,4.6000000000000005,0.07556588393781757,0.04621219471113902,0.01550217013334032
13.75,75,1,1.0,0.12934869091482876,0.08994515699249306,0.02141384348372688
13.75,80,0,4.6000000000000005,0.0737141547223108,0.045008464466326226,0.015120994268226218
13.75,80,1,1.0,0.12616687665064305,0.0876558195343885,0.02088885712720856
13.75,85,0,4.6000000000000005,0.07234690011843439,0.044119961758726234,0.014839375505710684
13.75,85,1,1.0,0.12381576177083739,0.08596416618404201,0.020500938580467865
13.75,90,0,4.6000000000000005,0.07135282845680986,0.04347413107062692,0.014634527874225256
13.75,90,1,1.0,0.12210542763631597,0.08473356567815726,0.020218742328328654
13.75,95,0,4.6000000000000005,0.07063810857765648,0.04300987643669807,0.014487195377034356
13.75,95,1,1.0,0.12087524007796013,0.0838484405569061,0.02001576442414943
13.75,100,0,4.6000000000000005,0.07012833095705875,0.04267878934877756,0.014382083298988935
13.75,100,1,1.0,0.11999755381349372,0.0832169458752533,0.01987094584602378
14.0,20,0,4.6000000000000005,0.12154437566842917,0.07594014268097948,0.025061313522029227
14.0,20,1,1.0,0.20731631940840894,0.14557485520167757,0.03455380247454787
14.0,25,0,4.6000000000000005,0.11855428147554892,0.07399263518065913,0.024448027232288116
14.0,25,1,1.0,0.20229483697521194,0.14198398359880005,0.033712266692007
14.0,30,0,4.6000000000000005,0.11481005252076323,0.07155440886227782,0.023679790387344357
14.0,30,1,1.0,0.19599603874085747,0.137477738030925,0.032657823947019105
14.0,35,0,4.6000000000000005,0.11031951813387923,0.06863097005906416,0.022757969455773575
14.0,35,1,1.0,0.18842591047258905,0.13205924305938332,0.031392157301885715
14.0,40,0,4.6000000000000005,0.105206150471166,0.06530325249575109,0.02170758704436171
14.0,40,1,1.0,0.17978486915382744,0.12587086577575923,0.02994941375180482
14.0,45,0,4.6000000000000005,0.0997184112749849,0.06173356130616203,0.02057932351107228
14.0,45,1,1.0,0.17048651675811816,0.1192081624818001,0.02839903192724591
14.0,50,0,4.6000000000000005,0.09419270481313902,0.058141210008930466,0.0194420557671815
14.0,50,1,1.0,0.16109821702989538,0.11247773064931921,0.02683558022386834
14.0,55,0,4.6000000000000005,0.08897573071502694,0.05475175327816917,0.01836704555109281
14.0,55,1,1.0,0.15221106332178858,0.1061040377984982,0.025357073837229627
14.0,60,0,4.6000000000000005,0.08434123799522628,0.051742775856052026,0.017410860081867208
14.0,60,1,1.0,0.14429727930333158,0.10042678463053856,0.02404146745458413
14.0,65,0,4.6000000000000005,0.08044096986348731,0.04921218009068529,0.016605170454589424
14.0,65,1,1.0,0.13762359567361146,0.09563827148976978,0.022932543637553926
14.0,70,0,4.6000000000000005,0.07730433599836653,0.0471782842778139,0.015956501012089785
14.0,70,1,1.0,0.13224758125457547,0.09178046098098591,0.02203948251387622
14.0,75,0,4.6000000000000005,0.07487190554217177,0.04560183927895456,0.015452980154833651
14.0,75,1,1.0,0.12807306785340092,0.08878469878262762,0.02134609945339605
14.0,80,0,4.6000000000000005,0.07303774234141622,0.04441363466059978,0.01507300451812732
14.0,80,1,1.0,0.12492215913588214,0.08652347360622392,0.020822756193916603
14.0,85,0,4.6000000000000005,0.07168346855769905,0.043536604788431355,0.01479227280545159
14.0,85,1,1.0,0.12259393143646849,0.08485264248005575,0.020436052327301613
14.0,90,0,4.6000000000000005,0.07069884030749067,0.04289912033949872,0.01458807056940703
14.0,90,1,1.0,0.12090027349461493,0.08363721546516378,0.020154740017324202
14.0,95,0,4.6000000000000005,0.06999091296967304,0.04244086898536614,0.014441202343709936
14.0,95,1,1.0,0.11968209446098646,0.08276301773416206,0.019952398074602584
14.0,100,0,4.6000000000000005,0.0694859816339938,0.04211406502303783,0.014336421535856458
14.0,100,1,1.0,0.1188129828463565,0.08213932620641506,0.019808033317612606
14.25,20,0,4.6000000000000005,0.1206819272584637,0.07518102096741197,0.025000533112383372
14.25,20,1,1.0,0.20577575360858535,0.14417605617237794,0.03447041025659259
14.25,25,0,4.6000000000000005,0.11771301672924034,0.0732522003314604,0.024388715528105842
14.25,25,1,1.0,0.20078925913308474,0.14061678035687886,0.033630869868356394
14.25,30,0,4.6000000000000005,0.11399537256284725,0.07083742890465317,0.023622319798937697
14.25,30,1,1.0,0.194534584728729,0.1361504039270227,0.032578929883356644
14.25,35,0,4.6000000000000005,0.10953680649154171,0.06794219947528568,0.022702710009562366
14.25,35,1,1.0,0.18701783120022225,0.13078017038946987,0.03131627106514845
14.25,40,0,4.6000000000000005,0.10445995181241995,0.06464670729923183,0.021654849713640067
14.25,40,1,1.0,0.17843817185688052,0.12464733798103089,0.029876961103440958
14.25,45,0,4.6000000000000005,0.09901152759779203,0.06111172035580015,0.02052929837764228
14.25,45,1,1.0,0.16920640883086102,0.11804494150662592,0.028330274896608887
14.25,50,0,4.6000000000000005,0.09352553985865442,0.05755443477044264,0.0193947676989481
14.25,50,1,1.0,0.15988590210698375,0.11137595672964107,0.02677055610431922
14.25,55,0,4.6000000000000005,0.08834618366857729,0.05419819260537473,0.018322347684236795
14.25,55,1,1.0,0.1510634341255313,0.10506093881800393,0.02529558547501609
14.25,60,0,4.6000000000000005,0.08374520266169756,0.05121880615011132,0.0173684685362272
14.25,60,1,1.0,0.14320766446685207,0.09943634362756981,0.023983129905460143
14.25,65,0,4.6000000000000005,0.07987320375466983,0.04871317294796873,0.016564724003941822
14.25,65,1,1.0,0.13658320317492875,0.094692532195077,0.022876865282265735
14.25,70,0,4.6000000000000005,0.07675934734978135,0.046699390368212135,0.01591762175386424
14.25,70,1,1.0,0.13124703664640316,0.0908709251198383,0.021985947956802865
14.25,75,0,4.6000000000000005,0.07434460643633,0.04513856561396434,0.015415318130803324
14.25,75,1,1.0,0.1271035852268306,0.08790339296135541,0.02129423074439718
14.25,80,0,4.6000000000000005,0.07252379658902942,0.04396215206924403,0.015036261482226698
14.25,80,1,1.0,0.12397619077977606,0.08566354324152725,0.020772145610734594
14.25,85,0,4.6000000000000005,0.07117939034114856,0.043093835104858425,0.01475620896252361
14.25,85,1,1.0,0.1216653757016115,0.08400854359582666,0.02038637182693226
14.25,90,0,4.6000000000000005,0.0702019404933243,0.04246268898079286,0.014552500889724374
14.25,90,1,1.0,0.11998440455101778,0.0828046527530204,0.02010573635176316
14.25,95,0,4.6000000000000005,0.0694991764349163,0.042008996588748015,0.014405988144804871
14.25,95,1,1.0,0.1187753610168961,0.08193876269767653,0.01990388136424681
14.25,100,0,11.0,0.06897979051768417,0.04926694540671572,0.011595791241746145
14.25,100,1,1.0,0.11791277244577583,0.081321003480195,0.019759864097400492
14.5,20,0,4.6000000000000005,0.12002963685335483,0.07460731881678084,0.02495430472739646
14.5,20,1,1.2000000000000002,0.20460915054758522,0.1439796961630223,0.03389967904974289
14.5,25,0,4.6000000000000005,0.11707675869152466,0.07269263142748472,0.02434360427296467
14.5,25,1,1.0,0.19965005626716695,0.1395828245204327,0.03356895985102015
14.5,30,0,4.6000000000000005,0.1133792337545933,0.07029559856889889,0.023578608932761425
14.5,30,1,1.0,0.1934288174558178,0.13514664734557125,0.03251892359426267
14.5,35,0,4.6000000000000005,0.10894485988993095,0.06742170223193389,0.02266068097529239
14.5,35,1,1.0,0.18595250487936976,0.1298129653370308,0.03125855267196409
14.5,40,0,4.6000000000000005,0.10389563497215824,0.06415057861398432,0.021614739034219954
14.5,40,1,1.0,0.17741934720243674,0.1237221946472723,0.02982185444421437
14.5,45,0,4.6000000000000005,0.09847695887926394,0.06064183282240643,0.02049125062168089
14.5,45,1,1.0,0.16823802351466907,0.11716545876806372,0.02827797926270903
14.5,50,0,4.6000000000000005,0.09302102274118074,0.05711105973119546,0.01935880177057958
14.5,50,1,1.0,0.15896886018563644,0.11054299045388294,0.02672109984220794
14.5,55,0,4.6000000000000005,0.08787012681182163,0.053779928635902974,0.018288351868187447
14.5,55,1,1.0,0.1501953752532773,0.10427238362555802,0.025248818604540757
14.5,60,0,4.6000000000000005,0.083294497988016,0.05082291225005309,0.01733622690468406
14.5,60,1,1.0,0.14238353106350637,0.09868763972229899,0.023938759612474936
14.5,65,0,4.6000000000000005,0.0794438841553297,0.04833614909034212,0.016533961802933872
14.5,65,1,1.0,0.13579633422778697,0.093977654275057,0.022834517619252925
14.5,70,0,4.6000000000000005,0.07634725771136089,0.0463375700788895,0.015888051548512583
14.5,70,1,1.0,0.13049033235750498,0.09018343983206356,0.02194523089731848
14.5,75,0,4.800000000000001,0.07394566409249548,0.04504367185111402,0.015236466024342032
14.5,75,1,1.0,0.12637039302804962,0.08723726575611968,0.02125478074819409
14.5,80,0,4.800000000000001,0.07213469004143255,0.043869674228712574,0.014861774007482342
14.5,80,1,1.0,0.12326079653139736,0.08501358718462326,0.02073365255692594
14.5,85,0,4.800000000000001,0.0707975527431843,0.043003142463055366,0.01458494722360526
14.5,85,1,1.0,0.12096316053302594,0.0833705639905542,0.020348586201453966
14.5,90,0,11.0,0.06981573596124623,0.04979372073449617,0.011777656015735327
14.5,90,1,1.0,0.11929179134262427,0.08217539993922962,0.02006846553140862
14.5,95,0,11.0,0.06908388903568703,0.04926373428955921,0.011658914556545774
14.5,95,1,1.0,0.11808966183671571,0.08131579426437774,0.019866980924904687
14.5,100,0,11.0,0.06856189073257843,0.04888574658380562,0.011574202440454595
14.5,100,1,1.0,0.11723201003114578,0.08070252249759391,0.01972322796091286
