parameter,PRCC_optimal_switch_month,p_value
treatment_bleed,-0.8955608067211623,7.203624246158527e-114
i0,0.8418983129051056,3.4096684890059443e-87
b0,-0.778146436096523,3.3716259012878846e-66
lambda_bleed,-0.7304895603714261,1.3061119952849e-54
lambda_isch,0.6948186100404157,1.9159914099949313e-47
w_g_I,0.5618717909507649,5.035736245985874e-28
w_g_B,-0.515700334903589,3.8458611428272846e-23
ischemic_decay,-0.4994217986823009,1.3672551089716721e-21
w_hb_B,-0.45348718384264836,1.2318675011200728e-17
w_hb_I,0.37758437058960137,2.780682611199096e-12
treatment_ischemia,0.1665392699722956,0.0028045753779835487
rB,-0.05914316581609376,0.2915312298425569
w_pb_B,-0.0481076904845607,0.3910550659810165
kI,-0.044602223032576264,0.4265307213304132
kB,-0.043947282810316166,0.4333599425404642
rI,-0.04284970601971762,0.4449446292109009
w_pb_I,0.005094610794521094,0.9276681020437529
