optimal_switch_month,expected_loss,bleed_probability,ischemic_probability
0.8,0.1178785301923965,0.06517664943596979,0.02559512817405807
0.0,0.12745556585041184,0.08299987658779129,0.024761742693582556
0.0,0.217863592245241,0.11165405699812159,0.03820639103703094
0.6000000000000001,0.13826370396562343,0.07610779454899019,0.028934589168405966
0.0,0.17322459838389193,0.09890174166176613,0.028865565575090124
5.0,0.14940103332048607,0.0970804775246995,0.026910862240682842
0.0,0.15436888061742682,0.11068050399107077,0.022587255750082136
0.6000000000000001,0.14974942056003618,0.0905327826804384,0.02699371899063907
2.0,0.1847094255180392,0.10735446197612253,0.022752848556751415
5.4,0.12396553075397451,0.10573546604668538,0.01586767577487569
0.0,0.15641579506229852,0.09656602570139672,0.026130601402329034
3.2,0.09463484727878169,0.05811196235429217,0.020260426589710168
0.0,0.13103827125756412,0.07984635404048035,0.020665246234620516
3.4000000000000004,0.16016024539776014,0.08870371165287605,0.030195764883122478
3.0,0.17705622082457928,0.09600873298121915,0.028943307065552593
3.4000000000000004,0.1421276963262923,0.07746153310099135,0.03224505714196668
4.800000000000001,0.09712230672976685,0.06398624096581407,0.01961854874983382
0.0,0.10488458769126084,0.08713740600401954,0.018884565180952384
1.8,0.12790766844912566,0.08022466831022512,0.02615825085397494
3.6,0.15938562518688482,0.08633469784779046,0.04656338362524537
2.4000000000000004,0.1657984124987251,0.09399650260222814,0.03221426608092626
4.2,0.18460877996758507,0.11880141056853555,0.047827734332842375
2.4000000000000004,0.15927716466832226,0.09524504889885343,0.032767917905248356
3.0,0.10326495893065334,0.06625259948213158,0.01469057533394491
3.2,0.12731664633829476,0.0906608502442049,0.02103311422565801
0.0,0.12389204484281968,0.09314156777690841,0.018521894743316114
0.8,0.11805812831522261,0.07832478673265286,0.031331714726109516
0.0,0.20001958018393007,0.11964985793689409,0.03194603268634155
2.6,0.1850786001820926,0.09469377501901777,0.03483102827024165
1.2000000000000002,0.1281292574688186,0.08258613086689504,0.022308718098485336
0.6000000000000001,0.12571006456904507,0.08611462702357331,0.030764111915980608
3.0,0.10546482569206396,0.06807443155545156,0.019315040215906243
11.0,0.1314941504345405,0.0832560961746418,0.027621482184623902
4.0,0.12961759234488823,0.0840146564258899,0.025936178796340914
0.0,0.18956721966660206,0.11034391845553004,0.02858181532895565
0.2,0.15759559499070802,0.11384798962839493,0.029630459871082482
4.2,0.10840939264201442,0.08605976920191805,0.015315177503894106
5.800000000000001,0.14220439141897182,0.07611449448435481,0.028671319960635988
0.0,0.12926585785547326,0.09092503936327634,0.023916388279441092
4.4,0.12176197824793515,0.08773268589235894,0.03271789069272213
0.0,0.1768262609217277,0.08890556444820619,0.03408758429874903
3.2,0.16545959575490946,0.09774116858252924,0.02461710524053251
2.8000000000000003,0.14720528887541146,0.09361271877336608,0.022297230018384684
3.4000000000000004,0.1575144445757339,0.11065043728683666,0.028304297854183202
11.0,0.15233750941273258,0.07992579406765676,0.03270961992637722
3.6,0.1695391244508948,0.09574257134914177,0.02261217711411745
11.0,0.12242114710821436,0.06643651635512948,0.026646095479209597
2.6,0.12741473525865424,0.0852924757842719,0.024621956171795856
0.0,0.14179168468736444,0.07045805446114861,0.03383995987302091
1.6,0.13244667910650645,0.08147429804818229,0.023267432489069262
11.0,0.11662481329871893,0.0960573693167035,0.01839890441310421
0.0,0.14697385521170545,0.09706442217770817,0.022394221090983102
5.800000000000001,0.17631640625485956,0.10093394660330701,0.029895660358619902
1.2000000000000002,0.15914040689795036,0.10423877038079732,0.024214968426947592
11.0,0.0885285347044054,0.07035281805629179,0.014742238674298358
1.2000000000000002,0.14091239429908536,0.10147702836169503,0.025051981733808515
0.0,0.16205727660358318,0.12577141418438864,0.026436339361147754
2.6,0.1314249882221052,0.10186568099340898,0.02723477755038295
5.2,0.1355944110441058,0.08237900222838268,0.027557843043042762
1.2000000000000002,0.1630569019922147,0.08436465660071202,0.027331250900319293
2.0,0.16771695925110655,0.10983783638861255,0.026028584334164107
2.0,0.11880732837672082,0.08480932063389968,0.01859347464208405
1.2000000000000002,0.15276150922699397,0.08841414529776503,0.029163176728151607
0.0,0.1839527055039439,0.1339716487007805,0.03160360276801599
0.0,0.14994429127817918,0.07817792861699202,0.024997574021503932
0.4,0.14452683935595273,0.11796890286332828,0.019935830751681816
1.8,0.14986474727695598,0.08528057846645865,0.02937860552300231
0.0,0.13701501394885127,0.10129714694075453,0.0207888794074782
3.6,0.16661755766958358,0.08630444192624964,0.02814412797688226
11.0,0.12918513242596352,0.08883157052795998,0.027609241033340948
1.2000000000000002,0.14836352885050702,0.07444845243902154,0.03764377028443866
2.4000000000000004,0.09635491996437154,0.06694748691096186,0.023984435733940157
3.4000000000000004,0.15809792437956968,0.09582508792526256,0.031266711376450096
2.6,0.16490471400073609,0.09674627518656109,0.029042761578321863
0.0,0.18762761416210627,0.12458710671867146,0.03901105110708425
4.4,0.12652963971912998,0.08075471516271493,0.024373274571328207
1.2000000000000002,0.11679944866648628,0.08186100414270492,0.01784002654640915
0.0,0.17811901579407569,0.10671286563848847,0.02763322897666398
2.8000000000000003,0.16975048165988144,0.09843636573073111,0.02858896543002243
0.6000000000000001,0.12583291479156666,0.08383301837980406,0.023857822127927863
0.8,0.2602042227897842,0.13382807139445807,0.0451779191214976
4.4,0.13163112470839822,0.08763446352458815,0.025023110312567876
0.0,0.2439076118314308,0.12496188767191574,0.04313605095521955
1.2000000000000002,0.1540807938958001,0.09114467647820879,0.024372196987385353
3.2,0.16759908503581267,0.10848412240503891,0.03692007934335628
1.6,0.12781577990879195,0.09124436976889916,0.021722958916918444
0.0,0.13142259523742217,0.08106453386697166,0.019837181176080687
1.0,0.14672631089995175,0.07939358085446346,0.028447920581778252
1.0,0.11241848641751734,0.0921057820403045,0.02379856505321909
11.0,0.13160039976056515,0.07274339080518277,0.026786191046408225
0.0,0.16584275493358283,0.11899006302805748,0.028646787826675846
2.4000000000000004,0.10962312973805441,0.0759658159583354,0.019462540065683265
1.0,0.12221917051490307,0.06100203122953807,0.028508094404985584
11.0,0.18204748377316687,0.10473090116307959,0.02728497867701185
2.8000000000000003,0.15811493873369553,0.09962334940881035,0.03868973067545456
4.800000000000001,0.09525676777615014,0.06869383465693468,0.019011438078780918
1.2000000000000002,0.1548810389494778,0.10611143320853289,0.03071459069533733
2.2,0.14583140173357395,0.08259189365296493,0.0294472043343168
4.2,0.10137713833697481,0.07083809230652682,0.017495469773814887
2.8000000000000003,0.1946188027994251,0.11871948772077057,0.04364723576285323
0.4,0.17591847646988465,0.10262212200701037,0.027025362776635697
5.4,0.1232942929865837,0.08998009801177209,0.035016076417138664
0.0,0.19015207840431675,0.11648542603404655,0.027049202110461468
4.2,0.09351201184866167,0.062380325179676954,0.02022046279717693
3.2,0.14854378733562806,0.08903680512266465,0.028185583076731247
4.6000000000000005,0.10697015639883392,0.06601082596796426,0.023149363614631047
0.0,0.1731884824976871,0.10806997686124764,0.027527848557784784
0.2,0.10534340596421828,0.07127695439102122,0.016849798009299533
4.4,0.111467379881214,0.08134447726778338,0.028443486745936664
0.0,0.10944659153135852,0.08674635234303951,0.021664776039042488
0.0,0.19538003283866653,0.10718794057340975,0.02786220789666527
4.2,0.10439508694683683,0.062507016407231,0.020696745937786032
0.0,0.12391064905337915,0.0730857876010117,0.022380975783768742
3.4000000000000004,0.17553158494754445,0.09771213884618257,0.02897957840311771
11.0,0.10513956160436794,0.06661590881318291,0.023074719182249792
1.8,0.15450366293835716,0.08356813207029679,0.02667153664048294
5.0,0.10710524367612097,0.06554209046253368,0.02090662156951384
11.0,0.13809445214270744,0.08112771011816411,0.019005460610008185
1.6,0.13491265219581536,0.08993960888933739,0.03034872248454945
3.6,0.1257198981498619,0.09896608929889616,0.02187596676096104
2.4000000000000004,0.15292807661963315,0.10425945640653478,0.023397310336949695
2.6,0.1567212840904943,0.10040365567193499,0.02676729154955715
4.6000000000000005,0.13550698764939684,0.0806859785009797,0.023141156558360576
1.6,0.14332430058383697,0.08534790531307535,0.027102744668307754
1.0,0.13168015390679202,0.09961690496725573,0.029592754319653913
1.4000000000000001,0.13472180364528105,0.08747089953978893,0.024733694915502813
3.4000000000000004,0.1305212496349371,0.07613707043090145,0.024360531097078253
3.8000000000000003,0.13956647854320775,0.09082441479947523,0.022072711142879786
11.0,0.13221671834877508,0.0943021867161491,0.024193403290543758
0.8,0.11316662503090659,0.08905851772833107,0.02143916333010032
2.8000000000000003,0.11515395437409584,0.07790299480932428,0.013113680952417162
0.6000000000000001,0.11704188284884506,0.09884184928188755,0.02245014056642869
5.0,0.15991617331927438,0.09076506166446496,0.02201975928215849
3.8000000000000003,0.09960790689681816,0.07982880860991293,0.021823860333011758
4.0,0.1488781182739934,0.08576445534955446,0.03536207176279771
3.8000000000000003,0.12011806736411633,0.0909038248332309,0.022467776887678426
1.6,0.09827994851234431,0.0704437408908466,0.020508350192335212
2.6,0.14833556781268037,0.10253447067145582,0.028818498001487947
3.4000000000000004,0.11817946324087925,0.07275470237988801,0.024352709448881238
3.2,0.14422542283105522,0.10881050989602337,0.027366253195427626
1.8,0.1467323996775941,0.12547312109911157,0.0170957480182361
1.4000000000000001,0.19615803600346443,0.10688362018464759,0.03145562721309325
2.0,0.1473010626089571,0.1084953748127312,0.032807982602482966
4.6000000000000005,0.11358318708922815,0.07837556384454447,0.025077156226262276
11.0,0.15634209418184908,0.08911464242149536,0.029898695077962167
4.0,0.12749678098070408,0.0801782866945796,0.03876022683994329
0.0,0.19101883192912078,0.10133029659152781,0.040671951134106044
0.0,0.15060088886061912,0.10759492788269787,0.033793953608187155
5.6000000000000005,0.1260657557622976,0.0624443677246469,0.024391399513805978
0.0,0.18376300913213559,0.11640833340918788,0.025590732942954997
1.0,0.11661778475685439,0.06447574435266457,0.018387622674139625
4.800000000000001,0.09012633255203363,0.06695064583063659,0.022431927902887172
0.0,0.1758182942185279,0.10355705344036648,0.02653205495273525
3.2,0.17674284364117196,0.09477602335482982,0.0256083121232048
11.0,0.12124034303276907,0.08801399045646852,0.025368367969310524
2.6,0.14962305942662016,0.09282246596035226,0.02625716017484081
0.0,0.15055393718005325,0.08902736264328681,0.023468462960437697
3.2,0.14874950401690695,0.08906923428530888,0.025952387310187786
2.8000000000000003,0.11603626169349254,0.07287487258432068,0.017868335511591726
11.0,0.16104174197948004,0.09015715739829033,0.028261026354093888
3.4000000000000004,0.10245934085804553,0.06642814954730814,0.023732581637245342
1.6,0.13430771848317413,0.09755528979858674,0.02159219620607833
0.0,0.15528809661425008,0.09833263087813848,0.02889307976469513
0.0,0.12720824177308282,0.10227918210357867,0.027274858683621894
11.0,0.0989820269750861,0.0756011551678395,0.017483540998270652
0.8,0.13633860653233476,0.09076734680697396,0.030131283578712087
1.2000000000000002,0.13741824195903554,0.10142238702704476,0.026877470359663258
2.0,0.12745159502518083,0.07567772233750658,0.021856131720099592
2.8000000000000003,0.21316814717421673,0.11875144218339617,0.03685857577488427
5.0,0.15483371145039757,0.10742254028358755,0.033943293128002594
1.6,0.15785315661512953,0.11898155831860491,0.02662112492353741
0.0,0.18455971922808553,0.09726779624724657,0.030778404652284652
3.6,0.08373778437398519,0.06952115147274895,0.018487655084369004
2.0,0.13530262076485639,0.08391976752039076,0.028338033091638182
3.2,0.13755198801518043,0.1133952215508145,0.022289532435477155
2.6,0.15607911504319893,0.10315441276186366,0.0229844056426749
4.6000000000000005,0.21558673247677237,0.1070520443052484,0.04471285863196828
4.800000000000001,0.1323155984377702,0.0808711861389122,0.03839491124684491
0.0,0.15851784328575963,0.09479779727216209,0.020893990345332014
0.2,0.13053567871951188,0.07777107612780676,0.019650973375909153
0.4,0.15187175948195647,0.10889202680364285,0.020582698950851297
2.4000000000000004,0.1414480852337873,0.0862187106550254,0.030169229899393857
3.0,0.1239635989368354,0.07321154151120823,0.025702177457598063
3.8000000000000003,0.1625989968370316,0.10430797052297769,0.036912757116874695
4.2,0.0904270689082271,0.07502837800660711,0.013602438206854917
0.0,0.11999137583534597,0.10081874534060564,0.018179005949324867
0.8,0.15850518152136148,0.10304235937419637,0.02925206855527429
0.0,0.1553047028531123,0.10810407436610081,0.020800072194615882
1.6,0.13799504237382448,0.09088033186716815,0.027274960971579
11.0,0.15151483932478055,0.09936897919320564,0.023714924588746245
0.4,0.1614373871402459,0.08527870421026362,0.03264082103706423
4.2,0.17039938340337432,0.11337909254723622,0.04392742947954609
0.0,0.142894966232612,0.09780355398710705,0.02253109691921562
11.0,0.17122226716194439,0.08061370929737433,0.03626734676452592
11.0,0.1156596960076651,0.06819779954281247,0.02474397099731962
4.6000000000000005,0.18866110241782075,0.0887585241307467,0.04411259748134444
0.0,0.21679977301123696,0.12500539921393683,0.035122644270765946
1.4000000000000001,0.21283753632357838,0.10540501405543357,0.04645774620767684
2.6,0.12958734679485098,0.10189196656632393,0.02455611877910502
3.4000000000000004,0.11312310658959382,0.06531204415358194,0.017764513245170477
11.0,0.1224400541831793,0.08512936492580647,0.025861629648727402
3.8000000000000003,0.1113471527844116,0.07296800616952992,0.015508263711056292
11.0,0.1457782055152583,0.0990242190917322,0.034241074399530724
1.4000000000000001,0.12408233863724022,0.08439759610939879,0.01837107287601525
0.0,0.17911924409006816,0.10359255985628735,0.02408864741543426
11.0,0.10766951821328531,0.0718498872084975,0.018938786054054968
0.0,0.1588972943573128,0.12594972713427077,0.02062386385130144
1.2000000000000002,0.1617692048115819,0.08749989129253177,0.02240199036583601
3.6,0.13865295330612992,0.07674382221586629,0.025762268635690977
0.2,0.170184202692765,0.09840680166279736,0.029211395658189643
4.4,0.20558085518398905,0.09442333817951531,0.047389211004859155
4.6000000000000005,0.10445559909973698,0.06250561786895859,0.01564496014763972
5.2,0.11609359732121101,0.06796559269255553,0.019203602507640638
11.0,0.1420866656631818,0.10727033489530247,0.029757791056313265
1.2000000000000002,0.113093266910925,0.08817895242483209,0.019123363613599786
1.2000000000000002,0.1536883484369963,0.09748906858849615,0.02649739409022267
1.4000000000000001,0.14961519466443385,0.10192735534787667,0.02670990437120846
4.2,0.16929938038922993,0.08928364382157483,0.02932505980033906
11.0,0.1004922391436035,0.06773637130414278,0.021005950912404647
3.8000000000000003,0.13727743706161805,0.09637463699885163,0.02617668165150322
2.0,0.16193504946024367,0.11596939645632343,0.029307471941507512
1.6,0.13351314705337516,0.07326746312916754,0.02835352273256031
0.0,0.1828471289681614,0.10147197059037916,0.025484692211462434
1.0,0.17208861296782935,0.10596049107160788,0.026100627558706346
11.0,0.1157354290079543,0.0797825996710404,0.02524405763959714
4.4,0.163985904619394,0.09622107438468264,0.030412665754886103
2.6,0.15414036540893317,0.1004774251454632,0.024039284674533534
0.0,0.1595494721988454,0.0990368987596344,0.028661072077766137
2.8000000000000003,0.16010139851956667,0.08100833808508978,0.03542737012849195
0.0,0.1169090803915649,0.09327233591570927,0.02242959400034572
2.6,0.18471575890635344,0.10062508491876776,0.04006105897304735
2.6,0.12385717266692717,0.08123619071683219,0.026027360626899476
0.8,0.11621841405207417,0.07231329242222095,0.022904895732672736
2.4000000000000004,0.14879820385151044,0.08718018424270135,0.03248582800046751
4.4,0.09925273387547733,0.059835168990718945,0.021797909540785976
4.2,0.1328088306499316,0.09075115320495664,0.02590916512789565
1.8,0.14717001515258094,0.10693522047330017,0.031763566264685905
4.6000000000000005,0.1018989639405316,0.08014875121247322,0.01921493776622707
2.8000000000000003,0.09706824965176944,0.06514659411236223,0.031213729120146638
3.8000000000000003,0.14905015295224017,0.11794723837112675,0.026659524422493308
11.0,0.11316014945733405,0.08106259908402413,0.024185146130656476
0.4,0.16706780680116798,0.0977250216989406,0.02544231070402181
5.2,0.13233091084673826,0.07644075441807541,0.032692425765194266
2.0,0.12397015056135105,0.08164663903837766,0.023466834954341986
5.6000000000000005,0.12893976886223985,0.07112366394972713,0.02281329786300501
3.8000000000000003,0.1128710085068952,0.06234782565838193,0.01751761936019458
0.0,0.11435264260079385,0.0933491755882434,0.016318616833383648
4.800000000000001,0.13673494109512985,0.07630768096851492,0.02351151386499939
11.0,0.1296961787062657,0.08438557634198307,0.025531980814173405
0.2,0.18287977284221085,0.10290203007605647,0.034215000429881126
3.2,0.13958564264782064,0.0805400095688722,0.023279183546139337
11.0,0.1421709766554507,0.09023496567123979,0.023226778713634766
0.4,0.15524781618026262,0.09816810518451502,0.0233901326171273
1.4000000000000001,0.17161096131883846,0.09373687513547158,0.03885644504961805
0.0,0.13419596759159122,0.10069173083960181,0.026422708342216605
1.4000000000000001,0.171513747689371,0.10796447063939241,0.021208408209479557
4.0,0.12077010055019044,0.09716802346044096,0.023503122060651638
3.0,0.1291781066492642,0.07328260122406749,0.020637851529880624
2.2,0.11682972412164924,0.08006584275737971,0.028838669939366235
1.4000000000000001,0.12420229576138364,0.08656568403331888,0.024783300358360072
0.0,0.18529841201988612,0.11717645014750455,0.03130952475896698
3.4000000000000004,0.15175433719524417,0.12125171915672317,0.021034615752246077
0.8,0.12577407920194728,0.0713866571206827,0.02201469263382616
4.6000000000000005,0.12450992378029183,0.08723275431585431,0.02046953363961468
5.0,0.09449482239701945,0.07154853329684008,0.01708707980063251
0.0,0.12826466821556667,0.07764618126843015,0.03174653340623612
0.8,0.13925104757939955,0.0927588617704257,0.024510666948583282
1.6,0.16549709278543248,0.10060717303590161,0.025205147044312093
0.0,0.1794402190206288,0.10474227695707528,0.01929420383961189
3.6,0.1299989792437946,0.09641582773097035,0.03009125225414966
11.0,0.12756745181357598,0.09389073619999178,0.018470875767634398
0.4,0.1447151167163938,0.08884765366519698,0.024381349494052795
3.8000000000000003,0.10076992684448974,0.08110757625034781,0.01560589862872297
11.0,0.15984777545267997,0.09480653437241626,0.03498623077802254
2.4000000000000004,0.144156395675695,0.08520403561093948,0.020482403561948637
2.2,0.1442618340442673,0.07198054074910154,0.033952499673130854
2.4000000000000004,0.16922329679195086,0.10851658755729188,0.029691099454953296
2.8000000000000003,0.12408518989914893,0.07369593780168882,0.035502171878644906
0.0,0.1687564427332514,0.12835901948411077,0.024676681091073904
5.0,0.12968657694808494,0.09686907800620093,0.016339172687526382
2.0,0.15390537421002096,0.07981501271851876,0.030801852335144875
3.4000000000000004,0.15181293054541997,0.10112532532569773,0.02754879208680172
2.2,0.16220081862703412,0.09500814570061622,0.01971234931451815
5.0,0.12234937539877674,0.07624857628317494,0.019953232414814837
1.8,0.1918025201692798,0.11483155391169386,0.030841425090473384
1.2000000000000002,0.19539527037504523,0.10167999553769791,0.03480185025721039
1.8,0.1406354849144076,0.09491724706027893,0.03063184186556578
0.6000000000000001,0.11732562157262835,0.09755374691361529,0.020145981731325313
3.8000000000000003,0.10330582077787848,0.07677097129053134,0.024111616456890084
11.0,0.11123001285693497,0.07721059740777092,0.020513757275846034
4.0,0.1085718290536222,0.06031057601594836,0.01936313733022732
1.8,0.11389897719918278,0.08077705773162236,0.019398717553885003
0.0,0.1377581518414312,0.09671172195793176,0.02342413387499065
3.0,0.1596888619314054,0.10070997172887308,0.020759753284322446
1.6,0.15547996458663244,0.11340787835578503,0.024658976682287448
11.0,0.14062267624732683,0.09875854704187714,0.03339349726251928
4.4,0.11330810050939503,0.09637119045000186,0.022006404762144993
0.0,0.16765247838158454,0.12260075981682883,0.03171156883323534
4.6000000000000005,0.1306604307872159,0.09484047594441225,0.02512262577421498
0.6000000000000001,0.16706563504856217,0.09182816606310684,0.04215768823020305
0.8,0.12161518843566378,0.07288833082745794,0.02253969329533867
4.4,0.12122462511476634,0.07749648417338106,0.02682780741532398
1.0,0.13404987245923233,0.0960326437208644,0.02387271217753406
1.8,0.15966398960437997,0.09748802590085903,0.023890964039450235
3.2,0.11678315797397903,0.0781164233191014,0.01900488019192148
0.0,0.14647596568920515,0.08815464444183396,0.02730306509314684
5.2,0.14140527057931937,0.08749412916619936,0.03249678613179052
11.0,0.1259323953595358,0.10113441020196579,0.022983233562642313
11.0,0.1260741068532505,0.0833282368289513,0.031560052490862356
2.4000000000000004,0.14704567188151374,0.07860089085905442,0.02722416567215824
1.8,0.14283105693471673,0.07427895274680385,0.029817292328135347
0.0,0.11974436954487241,0.0827270720239639,0.023969051816243314
0.0,0.11180291066264558,0.09008019835289194,0.025369013544047192
2.4000000000000004,0.17333975499144835,0.09468632191062887,0.03002674972721453
0.0,0.14063499361943116,0.09818717080266348,0.030233021200417154
1.6,0.17460427767348868,0.10202683908012011,0.02304351797203741
3.4000000000000004,0.10327786722416318,0.07477321963242334,0.018951390831310255
3.2,0.125817243631265,0.07595123742196674,0.030401673770718562
4.4,0.10814564145489342,0.0725700922991771,0.01952050811997419
1.4000000000000001,0.12533991793212002,0.07959612396428306,0.019538591185074616
