parameter,elasticity_switch_time,elasticity_expected_loss
w_hb_B,0.0,0.2669385541724627
w_g_B,0.0,0.25865991056244764
w_pb_B,0.0,0.0
w_hb_I,0.0,0.031745726544461395
w_g_I,0.0,0.12157145457968595
w_pb_I,0.0,0.0
b0,0.0,0.626596807544719
i0,6.66666666444445,0.3157379396998735
treatment_bleed,0.0,0.3091352378756733
treatment_ischemia,0.0,-0.2584584029283923
ischemic_decay,0.0,-0.24898398988149809
kB,0.0,0.0
rB,0.0,0.0
kI,0.0,0.0
rI,0.0,0.0
lambda_bleed,0.0,0.6556327339187431
lambda_isch,6.66666666444445,0.31965992160425144
