month_after_30d,bleeding_burden,ischemic_burden,net_margin,regime
0.0,0.025,0.055,-0.02608442821437798,Balanced-low margin
0.02,0.02732589224229983,0.0555170653742502,-0.02435552120765716,Balanced-low margin
0.04,0.029632931242493984,0.05602724295909572,-0.022634771668959663,Balanced-low margin
0.06,0.03192126982182132,0.05653059753602669,-0.020922133263654663,Balanced-low margin
0.08,0.034191059570398454,0.05702719329124859,-0.019217559889337293,Balanced-low margin
0.1,0.03644245083117724,0.05751709381173868,-0.017521005685119606,Balanced-low margin
0.12,0.03867559273234224,0.05800036210136072,-0.015832425026581526,Balanced-low margin
0.14,0.04089063320493073,0.05847706058856541,-0.014151772521194816,Balanced-low margin
0.16,0.04308771898283267,0.058947251126390425,-0.012479003008276729,Balanced-low margin
0.18,0.04526699560920314,0.059410994996935924,-0.010814071560139443,Balanced-low margin
0.2,0.04742860743584437,0.05986835291700759,-0.009156933492255104,Balanced-low margin
0.22,0.049572697637368185,0.060319385043017426,-0.007507544357378743,Balanced-low margin
0.24,0.05169940824265627,0.060764150985738445,-0.005865859939124918,Balanced-low margin
0.26,0.05380888013547266,0.06120270981063282,-0.00423183625186771,Balanced-low margin
0.28,0.0559012530552086,0.06163512003828804,-0.002605429540691484,Balanced-low margin
0.3,0.057976665608967824,0.062061439654500145,-0.0009865962864019917,Balanced-low margin
0.32,0.06003525525800302,0.0624817261066571,0.0006247067871038015,Bleeding-dominant
0.34,0.06207715835841468,0.06289603632063098,0.0022285227248645956,Bleeding-dominant
0.36,0.06410251017337151,0.063304426706742,0.003824894342981583,Bleeding-dominant
0.38,0.06611144487311038,0.0637069531597586,0.005413864228662579,Bleeding-dominant
0.4,0.06810409553718248,0.06410367106025835,0.0069954747401993755,Bleeding-dominant
0.42,0.0700805941650449,0.06449463528519807,0.008569767999634659,Bleeding-dominant
0.44,0.07204107166340436,0.06487990020270078,0.010136785889011846,Bleeding-dominant
0.46,0.07398565789073705,0.06525951969094809,0.011696570062822209,Bleeding-dominant
0.48,0.07591448166453435,0.0656335471417623,0.013249161949204863,Bleeding-dominant
0.5,0.07782767076130286,0.06600203546060635,0.014794602749990449,Bleeding-dominant
0.52,0.07972535191822103,0.06636503706755702,0.01633293344074735,Bleeding-dominant
0.54,0.08160765084576915,0.06672260390851452,0.017864194764398433,Bleeding-dominant
0.56,0.08347469221020008,0.0670747874483704,0.019388427225349836,Bleeding-dominant
0.58,0.08532659967827169,0.06742163868930068,0.020905671103168044,Bleeding-dominant
0.6,0.08716349592709953,0.06776320817554486,0.022415966454351538,Bleeding-dominant
0.62,0.08898550264415685,0.06809954599340588,0.02391935311237342,Bleeding-dominant
0.64,0.09079274052729938,0.06843070177126359,0.025415870687725967,Bleeding-dominant
0.66,0.09258532929847524,0.06875672468917798,0.026905558565347876,Bleeding-dominant
0.68,0.09436338768690064,0.06907766347576609,0.028388455893151116,Bleeding-dominant
0.7000000000000001,0.09612703345848454,0.06939356641802097,0.029864601594796092,Bleeding-dominant
0.72,0.09787638343995365,0.0697044813725104,0.031334034374820435,Bleeding-dominant
0.74,0.09961155351885245,0.07001045576537687,0.03279679271868119,Bleeding-dominant
0.76,0.10133265864354313,0.07031153659233756,0.03425291489279664,Bleeding-dominant
0.78,0.10303981282749151,0.07060777042125845,0.03570243894449754,Bleeding-dominant
0.8,0.10473312915739737,0.07089920340221943,0.037145402693088525,Bleeding-dominant
0.8200000000000001,0.10641271977884442,0.0711858812596287,0.038581843728944826,Bleeding-dominant
0.84,0.10807869594278745,0.07146784931162557,0.04001179942705571,Bleeding-dominant
0.86,0.1097311680103629,0.07174515247242637,0.041435306947888134,Bleeding-dominant
0.88,0.11137024545288887,0.0720178352523243,0.04285240323742795,Bleeding-dominant
0.9,0.11299603685186511,0.07228594175768953,0.04426312502722013,Bleeding-dominant
0.92,0.1146086499088154,0.07254951569724932,0.045667508833575954,Bleeding-dominant
0.9400000000000001,0.11620819143913737,0.0728086003855015,0.04706559094566007,Bleeding-dominant
0.96,0.11779476737814915,0.07306323874154927,0.04845740743355825,Bleeding-dominant
0.98,0.11936848281884041,0.07331347330569124,0.04984299415786564,Bleeding-dominant
1.0,0.12092944201248586,0.07355934623973212,0.05122238676981203,De-escalation-favorable
1.02,0.12247774836864526,0.0738008993269826,0.052595620711301916,De-escalation-favorable
1.04,0.12401350445516343,0.07403817397225933,0.05396273121495421,De-escalation-favorable
1.06,0.12553681201062575,0.07427121120990923,0.055323753302956025,De-escalation-favorable
1.08,0.12704777193114744,0.0745000517033696,0.056678721774639285,De-escalation-favorable
1.1,0.1285464842852026,0.0747247357474801,0.05802767121741845,De-escalation-favorable
1.12,0.13003304834616322,0.07494530328285053,0.059370636014943606,De-escalation-favorable
1.1400000000000001,0.13150756259240354,0.07516179389591385,0.06070765034715375,De-escalation-favorable
1.16,0.13297012470729996,0.07537424681892627,0.06203874819031521,De-escalation-favorable
1.18,0.13442083157923124,0.07558270092996716,0.06336396331706082,De-escalation-favorable
1.2,0.13585977931232018,0.07578719475959986,0.06468332929584694,De-escalation-favorable
1.22,0.1372870632180999,0.07598776649309368,0.06599687947888053,De-escalation-favorable
1.24,0.138702777820501,0.07618445396843937,0.06730464701051855,De-escalation-favorable
1.26,0.14010701689319482,0.07637729469239089,0.06860666483737815,De-escalation-favorable
1.28,0.14149987346009094,0.07656632584071169,0.06990296570845364,De-escalation-favorable
1.3,0.14288143979533724,0.07675158425817465,0.07119358217515467,De-escalation-favorable
1.32,0.14425180742332003,0.07693310645856212,0.07247854659134381,De-escalation-favorable
1.34,0.14561106712420233,0.07711092862783113,0.07375789111353173,De-escalation-favorable
1.36,0.14695930894020945,0.07728508663305422,0.07503164769200088,De-escalation-favorable
1.3800000000000001,0.1482966221572951,0.07745561601208222,0.07629984807008225,De-escalation-favorable
1.4000000000000001,0.1496230953513409,0.07762255199196026,0.07756252379908449,De-escalation-favorable
1.42,0.15093881639215231,0.07778592949079449,0.07881970623915419,De-escalation-favorable
1.44,0.15224387244345852,0.07794578311775194,0.08007142655931246,De-escalation-favorable
1.46,0.15353834996291257,0.07810214717306058,0.08131771573749183,De-escalation-favorable
1.48,0.1548223347024731,0.07825505564820408,0.08255860456062372,De-escalation-favorable
1.5,0.1560959117254267,0.07840454223717315,0.08379412362257002,De-escalation-favorable
1.52,0.15735916537806863,0.078550640327043,0.08502430331185845,De-escalation-favorable
1.54,0.1586121793229711,0.07869338300829205,0.08624917382744554,De-escalation-favorable
1.56,0.15985503655871586,0.07883280308338433,0.0874687651838951,De-escalation-favorable
1.58,0.16108781941989428,0.07896893306676947,0.08868310721141434,De-escalation-favorable
1.6,0.16231060957710736,0.0791018051848826,0.08989222955589021,De-escalation-favorable
1.62,0.1635234880369657,0.07923145137614453,0.09109616167892454,De-escalation-favorable
1.6400000000000001,0.16472653514681712,0.07935790329354948,0.09229493285819818,De-escalation-favorable
1.6600000000000001,0.165919830603414,0.07948119231419574,0.09348857217997208,De-escalation-favorable
1.68,0.1671034534289257,0.0796013495271706,0.0946771085357303,De-escalation-favorable
1.7,0.16827748201680603,0.07971840575102394,0.09586057063837786,De-escalation-favorable
1.72,0.16944199413697283,0.07983239153610622,0.09703898702348077,De-escalation-favorable
1.74,0.17059706693580784,0.07994333716456849,0.09821238604930105,De-escalation-favorable
1.76,0.17174277693615683,0.08005127265036237,0.09938079589683149,De-escalation-favorable
1.78,0.17287920003732948,0.08015622773924008,0.10054424456983066,De-escalation-favorable
1.8,0.1740064115239563,0.08025823191377754,0.10170275989517472,De-escalation-favorable
1.82,0.17512448606305725,0.08035731439788046,0.10285636951230054,De-escalation-favorable
1.84,0.1762334976944496,0.08045350414898637,0.10400510087690432,De-escalation-favorable
1.86,0.17733351987180068,0.08054682987440893,0.10514898127424341,De-escalation-favorable
1.8800000000000001,0.17842462546404725,0.08063732003199198,0.10628803781947777,De-escalation-favorable
1.9000000000000001,0.1795068867553954,0.0807250028301095,0.10742229745770401,De-escalation-favorable
1.92,0.18058037544532066,0.08080990622766566,0.10855178696398934,De-escalation-favorable
1.94,0.18164516264856803,0.08089205793409482,0.10967653294340549,De-escalation-favorable
1.96,0.1827013189049876,0.0809714854149137,0.11079656183145903,De-escalation-favorable
1.98,0.18374891417359596,0.08104821589471077,0.11191189988310446,De-escalation-favorable
2.0,0.18478801782595916,0.08112227635040248,0.1130225731776251,De-escalation-favorable
2.02,0.18581869868511017,0.0811936935266723,0.11412860763133714,De-escalation-favorable
2.04,0.18684102502650232,0.0812624939364077,0.11523002899783397,De-escalation-favorable
2.06,0.18785506457800946,0.08132870386070012,0.11632686286801883,De-escalation-favorable
2.08,0.18886088451992583,0.08139234934884491,0.11741913467013798,De-escalation-favorable
2.1,0.18985855148496616,0.08145345621834144,0.11850686966981352,De-escalation-favorable
2.12,0.1908481315654124,0.08151205005875294,0.11959009297066076,De-escalation-favorable
2.14,0.19182969031490232,0.08156815623798747,0.12066882950543231,De-escalation-favorable
2.16,0.19280329273022626,0.08162179989167072,0.12174310403591279,De-escalation-favorable
2.18,0.19376900329358626,0.08167300593917207,0.1228129411679667,De-escalation-favorable
2.2,0.1947268859751063,0.08172179908471645,0.12387836535219016,De-escalation-favorable
2.22,0.19567700423283207,0.08176820381738445,0.12493940088394309,De-escalation-favorable
2.24,0.1966194210127312,0.08181224441111223,0.1259960719033811,De-escalation-favorable
2.2600000000000002,0.197554198748693,0.08185394492469159,0.12704840239548765,De-escalation-favorable
2.2800000000000002,0.19848139936487935,0.0818933292029423,0.12809641619046283,De-escalation-favorable
2.3000000000000003,0.19940108429009504,0.08193042088725909,0.1291401369601963,De-escalation-favorable
2.32,0.20031331442489855,0.08196524340201908,0.13017958820851666,De-escalation-favorable
2.34,0.2012181501819981,0.0819978199680842,0.1312147932886647,De-escalation-favorable
2.36,0.20211565149588845,0.082028173606838,0.13224577540609908,De-escalation-favorable
2.38,0.2030058778228513,0.08205632714018576,0.13327255761852766,De-escalation-favorable
2.4,0.20388888814095493,0.08208230319055435,0.13429516283593856,De-escalation-favorable
2.42,0.20476474095005454,0.08210612418089229,0.13531361382063137,De-escalation-favorable
2.44,0.20563349427179195,0.08212781233466983,0.13632793318724737,De-escalation-favorable
2.46,0.20649520566187834,0.0821473896826923,0.1373381434035006,De-escalation-favorable
2.48,0.2073499321959698,0.08216487806190088,0.13834426677812262,De-escalation-favorable
2.5,0.20819773047126833,0.0821802991117957,0.1393463254685748,De-escalation-favorable
2.52,0.20903865663880591,0.08219367428702516,0.14034434149196084,De-escalation-favorable
2.54,0.2098727664036504,0.08220502485747844,0.14133833672510598,De-escalation-favorable
2.56,0.21070011502490532,0.08221437190828533,0.14232833290458702,De-escalation-favorable
2.58,0.21152075731571,0.08222173633981641,0.14331435162676232,De-escalation-favorable
2.6,0.21233474764323945,0.08222713886768292,0.14429641434780216,De-escalation-favorable
2.62,0.2131421399299002,0.08223060002330532,0.14527454238394724,De-escalation-favorable
2.64,0.21394298766958258,0.08223214016430884,0.14624875691011913,De-escalation-favorable
2.66,0.21473734389392338,0.0822317794619893,0.14721907894752004,De-escalation-favorable
2.68,0.21552526120605683,0.08222953791137726,0.14818552938030474,De-escalation-favorable
2.7,0.21630679179381268,0.08222543533655591,0.14914812895976734,De-escalation-favorable
2.72,0.21708198742971596,0.08221949139066106,0.1501068983043706,De-escalation-favorable
2.74,0.21785089947098707,0.08221172555588115,0.15106185789977533,De-escalation-favorable
2.7600000000000002,0.21861357885954177,0.08220215714345723,0.15201302809886927,De-escalation-favorable
2.7800000000000002,0.21937007612199116,0.08219080529368297,0.15296042912179644,De-escalation-favorable
2.8000000000000003,0.22012044137296935,0.08217768897752978,0.1539040810565506,De-escalation-favorable
2.82,0.22086472432663068,0.08216282700578433,0.15484400385496805,De-escalation-favorable
2.84,0.22160297426493478,0.08214623801546383,0.15578021732413477,De-escalation-favorable
2.86,0.22233524007681238,0.08212794048279692,0.15671274114351416,De-escalation-favorable
2.88,0.22306157026499188,0.08210795272601032,0.15764159486706386,De-escalation-favorable
2.9,0.22378201294599923,0.08208629290532886,0.1585667979232649,De-escalation-favorable
2.92,0.2244966158501579,0.08206297902297545,0.15948836961514934,De-escalation-favorable
2.94,0.22520542632158905,0.08203802892317114,0.16040632912032898,De-escalation-favorable
2.96,0.22590849131821125,0.08201146029213502,0.16132069549102313,De-escalation-favorable
2.98,0.22660585741518832,0.08198329065975223,0.1622314876546989,De-escalation-favorable
3.0,0.22729757081586258,0.08195353740834757,0.16313872441011734,De-escalation-favorable
3.02,0.22798367732028998,0.08192221775922266,0.1640424244187829,De-escalation-favorable
3.04,0.22866422236350975,0.0818893487852126,0.16494260622189486,De-escalation-favorable
3.06,0.22933925102194008,0.08185494741327072,0.1658392882423761,De-escalation-favorable
3.08,0.23000880801337842,0.08181903042446861,0.1667324887849012,De-escalation-favorable
3.1,0.23067293769700126,0.08178161445399611,0.1676222260359236,De-escalation-favorable
3.12,0.23133168407336419,0.08174271599116126,0.16850851806370287,De-escalation-favorable
3.14,0.23198509078440196,0.08170235137939037,0.16939138281833194,De-escalation-favorable
3.16,0.23263320111486724,0.08166053681689286,0.17027083813207294,De-escalation-favorable
3.18,0.23327605800752174,0.08161728836627004,0.1711469017182401,De-escalation-favorable
3.2,0.23391370402932907,0.0815726219419249,0.17201959115882298,De-escalation-favorable
3.22,0.2345461814034647,0.08152655331931484,0.17288892392079386,De-escalation-favorable
3.24,0.23517353202058358,0.08147909813935098,0.17375491735992293,De-escalation-favorable
3.2600000000000002,0.23579579743882018,0.0814302719083981,0.17461758872080513,De-escalation-favorable
3.2800000000000002,0.2364130188837884,0.08138008999827474,0.1754769551368866,De-escalation-favorable
3.3000000000000003,0.23702523724858168,0.0813285676462531,0.1763330336304911,De-escalation-favorable
3.3200000000000003,0.2376324930937729,0.08127571995505911,0.17718584111284658,De-escalation-favorable
3.34,0.23823482664741447,0.08122156189287241,0.17803539438411106,De-escalation-favorable
3.36,0.23883227781764088,0.08116610829997006,0.1788817101347073,De-escalation-favorable
3.38,0.23942488617540375,0.0811093738857191,0.1797248049331965,De-escalation-favorable
3.4,0.24001269095687017,0.08105137322557904,0.18056469523379848,De-escalation-favorable
3.42,0.24059573109029123,0.0809921207710297,0.18140139738640845,De-escalation-favorable
3.44,0.24117404519605878,0.08093163084959532,0.18223492763663904,De-escalation-favorable
3.46,0.2417476715867053,0.08086991766484455,0.1830653021258453,De-escalation-favorable
3.48,0.2423166482669039,0.08080699529639052,0.18389253689115068,De-escalation-favorable
3.5,0.24288101293346848,0.0807428776998907,0.1847166478654726,De-escalation-favorable
3.52,0.24344080297535345,0.0806775787070471,0.18553765087754748,De-escalation-favorable
3.54,0.2439960554763266,0.08061111202684584,0.18635556165252148,De-escalation-favorable
3.56,0.24454680722692257,0.08054349125407882,0.1871703958094425,De-escalation-favorable
3.58,0.24509309469197021,0.08047472985633031,0.18798216885093524,De-escalation-favorable
3.6,0.24563495404452748,0.08040484118432722,0.18879089617956596,De-escalation-favorable
3.62,0.24617242117305915,0.08033383847472607,0.18959659310030724,De-escalation-favorable
3.64,0.24670553168143697,0.08026173485011294,0.19039927482056287,De-escalation-favorable
3.66,0.24723432088893954,0.08018854331900356,0.19119895645019272,De-escalation-favorable
3.68,0.24775882383025244,0.08011427677584321,0.19199565300153737,De-escalation-favorable
3.7,0.24827907525546805,0.0800389480010068,0.19278937938944257,De-escalation-favorable
3.72,0.2487951096300858,0.07996256966079886,0.19358015043128404,De-escalation-favorable
3.74,0.24930696114190054,0.07988515431081575,0.19436798084816453,De-escalation-favorable
3.7600000000000002,0.2498146637007445,0.07980671440011865,0.19515288525758584,De-escalation-favorable
3.7800000000000002,0.25031825091834614,0.07972726226078884,0.19593487817108812,De-escalation-favorable
3.8000000000000003,0.2508177561419703,0.07964681011933775,0.19671397400851723,De-escalation-favorable
3.8200000000000003,0.25131321245620625,0.07956537009742423,0.1974901870986169,De-escalation-favorable
3.84,0.25180465268296753,0.07948295421185464,0.19826353167905333,De-escalation-favorable
3.86,0.25229210938149194,0.07939957437458273,0.19903402189643846,De-escalation-favorable
3.88,0.25277561484834155,0.07931524239270975,0.19980167180635405,De-escalation-favorable
3.9,0.2532552011174028,0.07922996996848437,0.20056649537337556,De-escalation-favorable
3.92,0.25373089995988635,0.07914376869930274,0.2013285064710955,De-escalation-favorable
3.94,0.25420274289270167,0.07905665008183961,0.2020877188834986,De-escalation-favorable
3.96,0.25467076117316273,0.07896862551409911,0.20284414629620492,De-escalation-favorable
3.98,0.2551349857848437,0.0788797062868764,0.2035978022968639,De-escalation-favorable
4.0,0.2555954474683751,0.07878990359434537,0.20434870038797462,De-escalation-favorable
4.0200000000000005,0.2560521767223276,0.07869922853441498,0.20509685398718752,De-escalation-favorable
4.04,0.25650520380321223,0.07860769210872937,0.20584227642732705,De-escalation-favorable
4.0600000000000005,0.2569545587254802,0.07851530522266771,0.20658498095641506,De-escalation-favorable
4.08,0.2574002712615228,0.07842207868534437,0.20732498073769343,De-escalation-favorable
4.1,0.25784237094167184,0.07832802320960877,0.2080622888496473,De-escalation-favorable
4.12,0.25828088705419905,0.07823314941204551,0.20879691828602773,De-escalation-favorable
4.14,0.25871584865149233,0.07813746781592236,0.2095288819570383,De-escalation-favorable
4.16,0.259147284551084,0.07804098885563408,0.21025819268283216,De-escalation-favorable
4.18,0.25957522331386396,0.07794372286603782,0.21098486318987722,De-escalation-favorable
4.2,0.2599996932760299,0.07784568009293662,0.21170890612510695,De-escalation-favorable
4.22,0.2604207225510827,0.07774687069386203,0.2124303340566078,De-escalation-favorable
4.24,0.26083833902982617,0.0776473047380741,0.21314915947364133,De-escalation-favorable
4.26,0.2612525703803673,0.07754699220656139,0.21386539478666647,De-escalation-favorable
4.28,0.2616634440481162,0.07744594299204091,0.21457905232736188,De-escalation-favorable
4.3,0.2620709872557859,0.0773441668989582,0.21529014434864777,De-escalation-favorable
4.32,0.2624752270033927,0.07724167364348727,0.21599868302470818,De-escalation-favorable
4.34,0.26287619007007573,0.07713847285433649,0.21670468045146252,De-escalation-favorable
4.36,0.26327390302659515,0.07703457408071722,0.21740814864553898,De-escalation-favorable
4.38,0.26366839220356836,0.076929986780557,0.21810909953257004,De-escalation-favorable
4.4,0.26405968371911576,0.0768247203280004,0.21880754496210852,De-escalation-favorable
4.42,0.2644478034868197,0.07671878401635421,0.21950349671060124,De-escalation-favorable
4.44,0.2648327772157241,0.07661218705808734,0.22019696648141046,De-escalation-favorable
4.46,0.26521463041033505,0.0765049385848309,0.22088796590483556,De-escalation-favorable
4.48,0.2655933883706202,0.07639704764737815,0.22157650653813432,De-escalation-favorable
4.5,0.26596907619200916,0.07628852321568454,0.22226259986554414,De-escalation-favorable
4.5200000000000005,0.26634171876539336,0.07617937417886766,0.22294625729830334,De-escalation-favorable
4.54,0.266711340777126,0.07606960934520733,0.22362749017467218,De-escalation-favorable
4.5600000000000005,0.2670779667178317,0.07595923744645092,0.22430630976144453,De-escalation-favorable
4.58,0.2674416208742546,0.07584826713844273,0.22498272724474694,De-escalation-favorable
4.6000000000000005,0.26780232731849096,0.07573670699392462,0.2256567537315311,De-escalation-favorable
4.62,0.2681601099346318,0.07562456551152096,0.22632840026096301,De-escalation-favorable
4.64,0.2685149924192341,0.07551185111592545,0.22699767780459723,De-escalation-favorable
4.66,0.2688669982813206,0.07539857215790119,0.22766459726639743,De-escalation-favorable
4.68,0.26921615084237965,0.0752847369142806,0.22832916948275672,De-escalation-favorable
4.7,0.26956247323636545,0.07517035358796548,0.22899140522251862,De-escalation-favorable
4.72,0.26990598840969793,0.07505543030792697,0.2296513151869973,De-escalation-favorable
4.74,0.27024671912126275,0.07493997512920555,0.23030891000999817,De-escalation-favorable
4.76,0.27058468794253676,0.07482399603296307,0.23096420025787498,De-escalation-favorable
4.78,0.27091991727105164,0.07470750093350623,0.2316171964310739,De-escalation-favorable
4.8,0.2712524293055649,0.07459049767132103,0.23226790895116622,De-escalation-favorable
4.82,0.2715822460574124,0.07447299401384702,0.23291634817090462,De-escalation-favorable
4.84,0.2719093893662936,0.0743549976610056,0.23356252438063052,De-escalation-favorable
4.86,0.27223388090027256,0.07423651624519999,0.23420644780829486,De-escalation-favorable
4.88,0.27255574215577705,0.07411755733131525,0.23484812861947724,De-escalation-favorable
4.9,0.2728749944575992,0.07399812841671828,0.23548757691740643,De-escalation-favorable
4.92,0.27319165895889524,0.07387823693125779,0.23612480274297967,De-escalation-favorable
4.94,0.27350575664118537,0.07375789023726433,0.23675981607478244,De-escalation-favorable
4.96,0.2738173083143541,0.07363709562955029,0.23739262682910828,De-escalation-favorable
4.98,0.2741263346168966,0.0735158603355123,0.23802324486005064,De-escalation-favorable
5.0,0.27443285602931977,0.07339419152222486,0.23865167996086412,De-escalation-favorable
5.0200000000000005,0.27473689284807773,0.07327209628874974,0.23927794185099358,De-escalation-favorable
5.04,0.275038465198988,0.07314958166774763,0.23990204018676975,De-escalation-favorable
5.0600000000000005,0.27533759305107447,0.07302665463030907,0.24052398456705876,De-escalation-favorable
5.08,0.2756342962165667,0.07290332208595462,0.24114378453328056,De-escalation-favorable
5.1000000000000005,0.27592859435090034,0.07277959088263473,0.24176144956942858,De-escalation-favorable
5.12,0.27622050695271705,0.07265546780672984,0.24237698910208846,De-escalation-favorable
5.14,0.2765100533638643,0.07253095958305025,0.24299041250045716,De-escalation-favorable
5.16,0.2767972527693958,0.07240607287483627,0.243601729076362,De-escalation-favorable
5.18,0.277082124197571,0.07228081428375813,0.24421094808427912,De-escalation-favorable
5.2,0.2773646865198554,0.07215519034991598,0.24481807872135278,De-escalation-favorable
5.22,0.2776449584611518,0.07202920755690477,0.2454231301290347,De-escalation-favorable
5.24,0.27792295858541605,0.07190287232961053,0.24602611138246505,De-escalation-favorable
5.26,0.27819870529293816,0.07177619102989813,0.2466270314951028,De-escalation-favorable
5.28,0.27847221684099654,0.07164916996355451,0.24722589942759501,De-escalation-favorable
5.3,0.27874351134390946,0.07152181538030926,0.24782272408781184,De-escalation-favorable
5.32,0.2790126067730352,0.07139413347383444,0.24841751433086517,De-escalation-favorable
5.34,0.27927952095677183,0.07126613038174473,0.24901027895912675,De-escalation-favorable
5.36,0.2795442715805574,0.07113781218559734,0.2496010267222465,De-escalation-favorable
5.38,0.2798068761868699,0.07100918491089205,0.2501897663171707,De-escalation-favorable
5.4,0.28006735217522705,0.0708802545270712,0.2507765063881599,De-escalation-favorable
5.42,0.2803257168021867,0.07075102694751971,0.25136125552680744,De-escalation-favorable
5.44,0.2805819871845597,0.07062150803100001,0.25194402227283075,De-escalation-favorable
5.46,0.2808361803064276,0.07049170358757417,0.25252481511103947,De-escalation-favorable
5.48,0.2810883129923947,0.0703616193677845,0.2531036424629982,De-escalation-favorable
5.5,0.2813384019332285,0.07023126106985166,0.25368051270044834,De-escalation-favorable
5.5200000000000005,0.2815864636896105,0.07010063434104338,0.254255434146749,De-escalation-favorable
5.54,0.28183251469213577,0.06996974477767458,0.25482841507689513,De-escalation-favorable
5.5600000000000005,0.2820765712413135,0.06983859792510724,0.2553994637175349,De-escalation-favorable
5.58,0.2823186495075665,0.0697071992777505,0.25596858824698704,De-escalation-favorable
5.6000000000000005,0.2825587655312314,0.06957555427906059,0.2565357967952586,De-escalation-favorable
5.62,0.2827969352225586,0.06944366832154086,0.25710109744406245,De-escalation-favorable
5.64,0.28303317436171244,0.06931154674674181,0.25766449822683407,De-escalation-favorable
5.66,0.28326749859877093,0.06917919484526101,0.2582260071287495,De-escalation-favorable
5.68,0.2834999234614575,0.06904661786045775,0.25878563208815897,De-escalation-favorable
5.7,0.2837304643478879,0.06891382098915542,0.259343380988157,De-escalation-favorable
5.72,0.283959136515294,0.0687808093746219,0.25989926165725663,De-escalation-favorable
5.74,0.28418595510238337,0.06864758811374093,0.26045328187957495,De-escalation-favorable
5.76,0.28441093512973853,0.06851416225716586,0.2610054493949874,De-escalation-favorable
5.78,0.28463409149981644,0.0683805368093196,0.2615557718991448,De-escalation-favorable
5.8,0.28485543899694893,0.06824671672839469,0.26210425704349033,De-escalation-favorable
5.82,0.2850749922873425,0.06811270692635318,0.2626509124352763,De-escalation-favorable
5.84,0.28529276591907843,0.06797851226892679,0.2631957456375806,De-escalation-favorable
5.86,0.28550877432211264,0.06784413757561673,0.26373876416932396,De-escalation-favorable
5.88,0.28572303180827574,0.06770958761969388,0.26427997550528587,De-escalation-favorable
5.9,0.2859355525712732,0.06757486712819866,0.2648193870761217,De-escalation-favorable
5.92,0.28614635069524436,0.06743998078611374,0.2653570062698446,De-escalation-favorable
5.94,0.2863554401442798,0.06730493323568679,0.2658928404225107,De-escalation-favorable
5.96,0.28656283475530414,0.06716972907077426,0.2664268968207338,De-escalation-favorable
5.98,0.28676854825805764,0.06703437284330782,0.2669591827106901,De-escalation-favorable
6.0,0.2869725942752493,0.06689886906335357,0.2674897052981875,De-escalation-favorable
6.0200000000000005,0.2871749863225567,0.06676322219911215,0.26801847174868076,De-escalation-favorable
6.04,0.287375737808626,0.06662743667691864,0.2685454891872884,De-escalation-favorable
6.0600000000000005,0.2875748620350721,0.06649151688124263,0.2690707646988084,De-escalation-favorable
6.08,0.2877723721964783,0.06635546715468821,0.2695943053277342,De-escalation-favorable
6.1000000000000005,0.2879682813803966,0.0662192917979939,0.27011611807827096,De-escalation-favorable
6.12,0.2881626025673477,0.0660829950700328,0.2706362099143511,De-escalation-favorable
6.140000000000001,0.28835534863082085,0.06594658118781242,0.27115458775965057,De-escalation-favorable
6.16,0.28854653234236893,0.06581005432883663,0.27167125849868423,De-escalation-favorable
6.18,0.2887361663717491,0.0656734186345543,0.2721862289710996,De-escalation-favorable
6.2,0.2889242632677344,0.06553667820129255,0.2726995059679176,De-escalation-favorable
6.22,0.2891108354809894,0.06539983708704285,0.27321109624288753,De-escalation-favorable
6.24,0.28929589536541905,0.06526289931196151,0.27372100651300035,De-escalation-favorable
6.26,0.28947945517816825,0.06512586885836986,0.2742292434585042,De-escalation-favorable
6.28,0.28966152707962234,0.06498874967075409,0.27473581372291966,De-escalation-favorable
6.3,0.2898421231334068,0.06485154565576533,0.2752407239130555,De-escalation-favorable
6.32,0.2900212553063873,0.06471426068221962,0.2757439805990237,De-escalation-favorable
6.34,0.2901989354686698,0.06457689858109796,0.27624559031425505,De-escalation-favorable
6.36,0.29037517539360047,0.06443946314554622,0.27674555955551405,De-escalation-favorable
6.38,0.2905499867577656,0.06430195813087525,0.2772438947829144,De-escalation-favorable
6.4,0.2907233811414326,0.06416438725474277,0.2777406024200652,De-escalation-favorable
6.42,0.2908953700399302,0.06402675420341343,0.27823568885482497,De-escalation-favorable
6.44,0.29106596483937863,0.06388906262438938,0.2787291604275741,De-escalation-favorable
6.46,0.29123517682911865,0.06375131612784889,0.2792210234412137,De-escalation-favorable
6.48,0.291403017211224,0.06361351828985273,0.2797112841652419,De-escalation-favorable
6.5,0.2915694971005013,0.06347567265234431,0.28019994883576826,De-escalation-favorable
6.5200000000000005,0.29173462752448986,0.06333778272314955,0.2806870236555292,De-escalation-favorable
6.54,0.291898419423462,0.06319985197597697,0.28117251479390204,De-escalation-favorable
6.5600000000000005,0.2920608836504228,0.0630618838504176,0.2816564283869203,De-escalation-favorable
6.58,0.29222203097111027,0.06292388175194508,0.2821387705372881,De-escalation-favorable
6.6000000000000005,0.2923818720639952,0.0627858490519156,0.2826195473143946,De-escalation-favorable
6.62,0.2925404175202812,0.06264778908756793,0.2830987647543288,De-escalation-favorable
6.640000000000001,0.2926976778439048,0.06250970516202335,0.2835764288598941,De-escalation-favorable
6.66,0.29285366345334196,0.062371600545071,0.28405254560109383,De-escalation-favorable
6.68,0.2930083846902029,0.06223347847912807,0.284527120913609,De-escalation-favorable
6.7,0.2931618517938142,0.06209534216988784,0.2850001606892921,De-escalation-favorable
6.72,0.29331407492030154,0.061957194790715084,0.2854716707877927,De-escalation-favorable
6.74,0.2934650641472788,0.061819039484282245,0.28594165703847857,De-escalation-favorable
6.76,0.29361482947384804,0.06168087936256943,0.28641012524045073,De-escalation-favorable
6.78,0.2937633808205994,0.06154271750686437,0.2868770811625566,De-escalation-favorable
6.8,0.29391072802961127,0.06140455696776247,0.2873425305434051,De-escalation-favorable
6.82,0.29405688086445014,0.061266400765166804,0.2878064790913796,De-escalation-favorable
6.84,0.29420184901017077,0.06112825188828807,0.28826893248465285,De-escalation-favorable
6.86,0.29434564207331604,0.060990113295644625,0.2887298963712005,De-escalation-favorable
6.88,0.2944882695819169,0.060851987915062515,0.2891893763688147,De-escalation-favorable
6.9,0.29462974098549255,0.0607138786436754,0.28964737806511853,De-escalation-favorable
6.92,0.2947700656561198,0.06057578834838026,0.29010390701787414,De-escalation-favorable
6.94,0.294909252898227,0.06043771987190732,0.29055896875447174,De-escalation-favorable
6.96,0.2950473119238815,0.06029967602442034,0.29101256876151027,De-escalation-favorable
6.98,0.29518425186855596,0.06016165958644606,0.2914647124955971,De-escalation-favorable
7.0,0.29532008179726876,0.06002367331097024,0.29191540538593885,De-escalation-favorable
7.0200000000000005,0.29545481070458457,0.059885719923437636,0.29236465283435564,De-escalation-favorable
7.04,0.2955884475146138,0.05974780212175203,0.2928124602152938,De-escalation-favorable
7.0600000000000005,0.2957210010810128,0.059609922576276175,0.29325883287583976,De-escalation-favorable
7.08,0.2958524801869839,0.05947208392983187,0.2937037761357331,De-escalation-favorable
7.1000000000000005,0.29598289354527557,0.05933428879769991,0.2941472952873806,De-escalation-favorable
7.12,0.296112249798182,0.05919653976762009,0.2945893955958685,De-escalation-favorable
7.140000000000001,0.29624055751754347,0.05905883939979121,0.29503008229897654,De-escalation-favorable
7.16,0.29636782520474614,0.0589211902268711,0.29546936060719087,De-escalation-favorable
7.18,0.29649406129072214,0.05878359475397656,0.29590723570371724,De-escalation-favorable
7.2,0.2966192741434236,0.05864605546240764,0.29634371274563676,De-escalation-favorable
7.22,0.29674347205824625,0.05850857480913981,0.2967787968552063,De-escalation-favorable
7.24,0.2968666632514262,0.058371155221470926,0.29721249312236797,De-escalation-favorable
7.26,0.2969888558760477,0.05823379910201581,0.2976448066122793,De-escalation-favorable
7.28,0.29711005802213886,0.05809650882874321,0.29807574236535905,De-escalation-favorable
7.3,0.2972302777166718,0.05795928675497591,0.2985053053972999,De-escalation-favorable
7.32,0.2973495229235625,0.05782213520939059,0.29893350069908137,De-escalation-favorable
7.34,0.2974678015436707,0.05768505649601798,0.29936033323698247,De-escalation-favorable
7.36,0.29758512141480015,0.05754805289424272,0.2997858079525947,De-escalation-favorable
7.38,0.29770149031169857,0.05741112665880345,0.30020992976283456,De-escalation-favorable
7.4,0.29781691594605736,0.057274280019792775,0.30063270355995597,De-escalation-favorable
7.42,0.297931405966512,0.0571375151826573,0.30105413421156335,De-escalation-favorable
7.44,0.2980449679586419,0.05700083432819755,0.3014742265606237,De-escalation-favorable
7.46,0.2981576094452599,0.056864239612688085,0.3018929854255654,De-escalation-favorable
7.48,0.29826933789631893,0.05672773317341474,0.30231041560078264,De-escalation-favorable
7.5,0.2983801607083186,0.05659131712279098,0.30272652184605775,De-escalation-favorable
7.5200000000000005,0.29849008521287956,0.05645499354841174,0.30314130889505586,De-escalation-favorable
7.54,0.29859911868533984,0.05631876451588041,0.3035547814591279,De-escalation-favorable
7.5600000000000005,0.2987072683447547,0.05618263206880877,0.3039669442273226,De-escalation-favorable
7.58,0.2988145413538966,0.05604659822881702,0.304377801866399,De-escalation-favorable
7.6000000000000005,0.29892094481925535,0.05591066499553376,0.3047873590208385,De-escalation-favorable
7.62,0.2990264857910379,0.05577483434659601,0.3051956203128569,De-escalation-favorable
7.640000000000001,0.29913117126316857,0.0556391082376492,0.3056025903424169,De-escalation-favorable
7.66,0.2992350081732889,0.05550348860234716,0.3060082736872397,De-escalation-favorable
7.68,0.2993380034027576,0.05536797735235214,0.30641267490281715,De-escalation-favorable
7.7,0.29944016377665084,0.05523257637733479,0.306815798522424,De-escalation-favorable
7.72,0.29954149606376185,0.055097287544974165,0.3072176490571296,De-escalation-favorable
7.74,0.29964200697669596,0.054962112700996546,0.3076182309958384,De-escalation-favorable
7.76,0.299741703181095,0.05482705367419495,0.30801754880599347,De-escalation-favorable
7.78,0.29984059127813195,0.05469211227207875,0.30841560692347836,De-escalation-favorable
7.8,0.2999386778091138,0.05455729027943912,0.30881240975967056,De-escalation-favorable
7.82,0.3000359692652462,0.054422589461503856,0.3092079617058545,De-escalation-favorable
7.84,0.3001324720876336,0.05428801156393748,0.3096022671332336,De-escalation-favorable
7.86,0.3002281926672791,0.05415355831284111,0.3099953303929414,De-escalation-favorable
7.88,0.30032313734508453,0.05401923141475259,0.31038715581605353,De-escalation-favorable
7.9,0.30041731241185043,0.05388503255664638,0.3107777477135992,De-escalation-favorable
7.92,0.30051072410827606,0.05375096340593365,0.3111671103765724,De-escalation-favorable
7.94,0.30060337862495945,0.053617025610462186,0.31155524807594404,De-escalation-favorable
7.96,0.30069528210239727,0.05348322079851648,0.31194216506267247,De-escalation-favorable
7.98,0.3007864406309849,0.053349550578817656,0.3123278655677157,De-escalation-favorable
8.0,0.30087686025101656,0.05321601654052354,0.3127123538020422,De-escalation-favorable
8.02,0.30096654695268504,0.05308262025322858,0.3130956339566425,De-escalation-favorable
8.040000000000001,0.30105550668006686,0.05294936326890902,0.31347771020321874,De-escalation-favorable
8.06,0.3011437453309762,0.05281624712506322,0.3138585866887108,De-escalation-favorable
8.08,0.3012312687415358,0.05268327333702908,0.3142382675329394,De-escalation-favorable
8.1,0.30131808270246324,0.05255044340245228,0.3146167568373074,De-escalation-favorable
8.120000000000001,0.3014041929599946,0.05241775880163007,0.3149940586851497,De-escalation-favorable
8.14,0.30148960521588414,0.05228522099751134,0.3153701771417442,De-escalation-favorable
8.16,0.3015743251274044,0.05215283143569653,0.3157451162543231,De-escalation-favorable
8.18,0.3016583583073463,0.05202059154443769,0.3161188800520839,De-escalation-favorable
8.2,0.30174171032401886,0.05188850273463846,0.3164914725461997,De-escalation-favorable
8.22,0.30182438670124967,0.051756566399854056,0.3168628977298311,De-escalation-favorable
8.24,0.30190639291838445,0.05162478391629134,0.31723315957813625,De-escalation-favorable
8.26,0.30198773441028715,0.05149315664280872,0.31760226204828207,De-escalation-favorable
8.28,0.3020684165673402,0.05136168592091621,0.317970209079455,De-escalation-favorable
8.3,0.3021484447354441,0.051230373074775404,0.3183370045928716,De-escalation-favorable
8.32,0.30222782421601785,0.05109921941119953,0.31870265249178936,De-escalation-favorable
8.34,0.30230656027296404,0.05096822622342399,0.31906715666207275,De-escalation-favorable
8.36,0.30238465812194354,0.050837394789755096,0.3194305209637758,De-escalation-favorable
8.38,0.302462122927881,0.050706726369604854,0.31979274923539847,De-escalation-favorable
8.4,0.30253895981629975,0.05057622220704804,0.3201538452991859,De-escalation-favorable
8.42,0.3026151738733269,0.0504458835308241,0.3205138129611402,De-escalation-favorable
8.44,0.3026907701456934,0.0503157115543372,0.32087265601103093,De-escalation-favorable
8.46,0.3027657536407336,0.05018570747565621,0.32123037822240574,De-escalation-favorable
8.48,0.30284012932638577,0.050055872477514744,0.3215869833526004,De-escalation-favorable
8.5,0.30291390213119185,0.04992620772731108,0.32194247514274954,De-escalation-favorable
8.52,0.3029870769442975,0.04979671437710823,0.3222968573177969,De-escalation-favorable
8.540000000000001,0.30305965861545203,0.049667393563633894,0.3226501335865054,De-escalation-favorable
8.56,0.3031316519550085,0.04953824640828053,0.3230023076414677,De-escalation-favorable
8.58,0.30320306173392375,0.049409274017105244,0.3233533831591162,De-escalation-favorable
8.6,0.3032738926837582,0.049280477480829886,0.3237033637997334,De-escalation-favorable
8.620000000000001,0.303344149496676,0.049151857874841005,0.3240522532074618,De-escalation-favorable
8.64,0.3034138368317669,0.04902341626270587,0.32440005501065894,De-escalation-favorable
8.66,0.303482959305531,0.048895153695219754,0.3247467728140116,De-escalation-favorable
8.68,0.30355152148898623,0.04876707120631856,0.32509241020260227,De-escalation-favorable
8.700000000000001,0.30361952791832303,0.04863916981642097,0.3254369707468916,De-escalation-favorable
8.72,0.30368698309491304,0.048511450532432214,0.3257804580027311,De-escalation-favorable
8.74,0.30375389148530935,0.048383914347744035,0.3261228755113732,De-escalation-favorable
8.76,0.30382025752124636,0.04825656224223472,0.326464226799481,De-escalation-favorable
8.78,0.3038860855996399,0.04812939518226908,0.32680451537913824,De-escalation-favorable
8.8,0.3039513800825874,0.04800241412069846,0.3271437447478593,De-escalation-favorable
8.82,0.30401614529736726,0.04787561999686077,0.32748191838859836,De-escalation-favorable
8.84,0.3040803855364396,0.04774901373658041,0.3278190397697599,De-escalation-favorable
8.86,0.3041441050574458,0.04762259625216834,0.3281551123452079,De-escalation-favorable
8.88,0.3042073080832088,0.04749636844242204,0.32849013955427603,De-escalation-favorable
8.9,0.30426999880173256,0.04737033119262555,0.3288241248217765,De-escalation-favorable
8.92,0.30433218136620277,0.04724448537454942,0.3291570715580105,De-escalation-favorable
8.94,0.3043938598982593,0.04711883184819224,0.32948898315908964,De-escalation-favorable
8.96,0.3044550384874896,0.04699337146463642,0.3298198630015843,De-escalation-favorable
8.98,0.3045157211794691,0.04686810505941439,0.33014971444185054,De-escalation-favorable
9.0,0.3045759119883995,0.04674303345593116,0.33047854082285977,De-escalation-favorable
9.02,0.3046356148977605,0.046618157465718936,0.33080634547442733,De-escalation-favorable
9.040000000000001,0.30469483386031,0.04649347788843713,0.3311331317132216,De-escalation-favorable
9.06,0.30475357279808424,0.046368995511872374,0.33145890284277385,De-escalation-favorable
9.08,0.30481183560239755,0.04624471111193848,0.3317836621534871,De-escalation-favorable
9.1,0.30486962613384233,0.046120625452676464,0.33210741292264556,De-escalation-favorable
9.120000000000001,0.30492694822228933,0.04599673928625454,0.3324301584144244,De-escalation-favorable
9.14,0.3049838056668873,0.04587305335296815,0.33275190187989806,De-escalation-favorable
9.16,0.3050402022360634,0.0457495683812399,0.3330726465570504,De-escalation-favorable
9.18,0.30509614166752264,0.04562628508761961,0.33339239567078305,De-escalation-favorable
9.200000000000001,0.3051516276682485,0.045503204176784294,0.3337111524329254,De-escalation-favorable
9.22,0.3052066639145025,0.0453803263415382,0.3340289200422428,De-escalation-favorable
9.24,0.30526125405229293,0.045257652263036914,0.3343457016845338,De-escalation-favorable
9.26,0.30531540170349514,0.045135182615296,0.3346615005310948,De-escalation-favorable
9.28,0.3053691104512273,0.0450129180602519,0.3349763197325008,De-escalation-favorable
9.3,0.3054223838474699,0.044890859248023156,0.33529016242579046,De-escalation-favorable
9.32,0.30547522541712696,0.044769006818325546,0.33560303173613,De-escalation-favorable
9.34,0.30552763865802546,0.044647361400472006,0.3359149307768219,De-escalation-favorable
9.36,0.3055796270409158,0.044525923613372695,0.3362258626493142,De-escalation-favorable
9.38,0.30563119400947164,0.04440469406553493,0.3365358304432091,De-escalation-favorable
9.4,0.30568234298028996,0.04428367335506329,0.3368448372362719,De-escalation-favorable
9.42,0.30573307734289096,0.04416286206965948,0.3371528860944397,De-escalation-favorable
9.44,0.3057834004597181,0.04404226078662245,0.33745998007183,De-escalation-favorable
9.46,0.30583331566613814,0.043921870072848306,0.3377661222107499,De-escalation-favorable
9.48,0.3058828262704411,0.04380169048483041,0.3380713155417042,De-escalation-favorable
9.5,0.30593193555384035,0.043681722568659265,0.33837556308340466,De-escalation-favorable
9.52,0.3059806467704724,0.043561966860022595,0.338678867842778,De-escalation-favorable
9.540000000000001,0.30602896314739714,0.04344242388420531,0.33898123281497505,De-escalation-favorable
9.56,0.30607688788723425,0.043323094157611146,0.3392826609834288,De-escalation-favorable
9.58,0.3061244241676174,0.043203978190388063,0.33958315531485406,De-escalation-favorable
9.6,0.3061715751318375,0.04308507648070608,0.33988271875962656,De-escalation-favorable
9.620000000000001,0.3062183438988405,0.04296638951744071,0.34018135425722806,De-escalation-favorable
9.64,0.3062647335637217,0.04284791778037546,0.3404790647364042,De-escalation-favorable
9.66,0.30631074719772616,0.0427296617402018,0.34077585311517367,De-escalation-favorable
9.68,0.3063563878482485,0.04261162185851917,0.3410717223008364,De-escalation-favorable
9.700000000000001,0.3064016585388327,0.04249379858783499,0.34136667518998154,De-escalation-favorable
9.72,0.3064465622691726,0.04237619237156469,0.34166071466849635,De-escalation-favorable
9.74,0.3064911020151113,0.04225880364403163,0.3419538436115741,De-escalation-favorable
9.76,0.30653528072864167,0.04214163283046718,0.34224606488372256,De-escalation-favorable
9.78,0.30657910133790606,0.042024680347010665,0.3425373813387721,De-escalation-favorable
9.8,0.3066225667471963,0.04190794660070939,0.3428277958198839,De-escalation-favorable
9.82,0.3066656798369539,0.04179143198951868,0.3431173111595581,De-escalation-favorable
9.84,0.30670844346376985,0.04167513690230176,0.34340593017964216,De-escalation-favorable
9.86,0.3067508604604502,0.041559061718861444,0.3436936556913506,De-escalation-favorable
9.88,0.306792933640852,0.04144320681335751,0.3439804904942993,De-escalation-favorable
9.9,0.30683466579046575,0.04132757255206819,0.34426643737090196,De-escalation-favorable
9.92,0.30687605966894826,0.0412121592917126,0.3445514990917623,De-escalation-favorable
9.94,0.30691711801494986,0.04109696738108203,0.3448356784177363,De-escalation-favorable
9.96,0.3069578435461141,0.0409819971610399,0.34511897809994024,De-escalation-favorable
9.98,0.30699823895907813,0.040867248964521825,0.34540140087975846,De-escalation-favorable
10.0,0.3070383069294724,0.040752723116535515,0.3456829494888513,De-escalation-favorable
10.02,0.30707805011192085,0.040638419934160876,0.34596362664916314,De-escalation-favorable
10.040000000000001,0.30711747114004084,0.040524339726549924,0.34624343507293026,De-escalation-favorable
10.06,0.30715657262644314,0.040410482794926865,0.3465223774626884,De-escalation-favorable
10.08,0.3071953571627319,0.04029684943258804,0.3468004565112807,De-escalation-favorable
10.1,0.3072338273195047,0.040183439924901934,0.34707767490186575,De-escalation-favorable
10.120000000000001,0.3072719856463526,0.04007025454930918,0.34735403530792486,De-escalation-favorable
10.14,0.30730983467186007,0.03995729357532259,0.3476295403932702,De-escalation-favorable
10.16,0.3073473769036049,0.039844557264527104,0.3479041928120522,De-escalation-favorable
10.18,0.307384614829236,0.03973204587120279,0.34817799520878584,De-escalation-favorable
10.200000000000001,0.30742155091883305,0.0396197596456961,0.34845095021498695,De-escalation-favorable
10.22,0.3074581876152984,0.03950769882967062,0.3487230604476456,De-escalation-favorable
10.24,0.307494527341868,0.03939586365743568,0.34899432851448553,De-escalation-favorable
10.26,0.307530572503271,0.03928425435640376,0.34926475701435405,De-escalation-favorable
10.28,0.3075663254857298,0.039172871147090504,0.34953434853722964,De-escalation-favorable
10.3,0.30760178865696025,0.03906171424311471,0.34980310566422934,De-escalation-favorable
10.32,0.3076369643661712,0.03895078385119837,0.35007103096761605,De-escalation-favorable
10.34,0.307671854944065,0.03884008017116658,0.35033812701080647,De-escalation-favorable
10.36,0.3077064627028372,0.038729603395947616,0.3506043963483778,De-escalation-favorable
10.38,0.30774078993617665,0.038619353711572914,0.35086984152607614,De-escalation-favorable
10.4,0.3077748389192654,0.03850933129717708,0.35113446508082263,De-escalation-favorable
10.42,0.3078086119087789,0.03839953632499786,0.3513982695407219,De-escalation-favorable
10.44,0.30784211114288573,0.03828996896037616,0.35166125742506854,De-escalation-favorable
10.46,0.3078753388412479,0.03818062936175605,0.351923431244355,De-escalation-favorable
10.48,0.3079082972050206,0.03807151768068476,0.3521847935002784,De-escalation-favorable
10.5,0.3079409884198454,0.03796263406394206,0.3524453466851213,De-escalation-favorable
10.52,0.3079734146513629,0.037853978653677886,0.35270509327703725,De-escalation-favorable
10.540000000000001,0.30800557804375317,0.03774555158442591,0.3529640357436755,De-escalation-favorable
10.56,0.308037480724878,0.03763735298473184,0.35322217654456245,De-escalation-favorable
10.58,0.30806912480628684,0.03752938297715594,0.35347951813111006,De-escalation-favorable
10.6,0.30810051238321645,0.03742164167827318,0.3537360629466228,De-escalation-favorable
10.620000000000001,0.30813164553459127,0.037314129198673114,0.35399181342630487,De-escalation-favorable
10.64,0.308162526323023,0.03720684564295997,0.35424677199726706,De-escalation-favorable
10.66,0.3081931567948109,0.03709979110975259,0.3545009410785339,De-escalation-favorable
10.68,0.3082235389799418,0.03699296569168446,0.3547543230810508,De-escalation-favorable
10.700000000000001,0.3082536748920899,0.036886369475403684,0.35500692040769083,De-escalation-favorable
10.72,0.3082835665286168,0.03678000254157304,0.3552587354532615,De-escalation-favorable
10.74,0.30831321587057187,0.03667386496486991,0.3555097706045122,De-escalation-favorable
10.76,0.3083426248826916,0.0365679568139863,0.35576002824014075,De-escalation-favorable
10.78,0.3083717955134002,0.0364622781516289,0.35600951073080034,De-escalation-favorable
10.8,0.3084007296948623,0.03635682903504552,0.3562582204382641,De-escalation-favorable
10.82,0.30842942934298945,0.036251609519403045,0.3565061597096965,De-escalation-favorable
10.84,0.3084578963574999,0.03614661965302368,0.3567533308858178,De-escalation-favorable
10.86,0.3084861326232063,0.03604185947845614,0.3569997363003774,De-escalation-favorable
10.88,0.30851414001014266,0.0359373290329966,0.3572453782794025,De-escalation-favorable
10.9,0.3085419203735648,0.03583302834868874,0.3574902591412048,De-escalation-favorable
10.92,0.30856947555395,0.035728957452323656,0.3577343811963869,De-escalation-favorable
10.94,0.308596807376997,0.03562511636543993,0.35797774674784943,De-escalation-favorable
10.96,0.30862391765362635,0.03552150510432359,0.3582203580907974,De-escalation-favorable
10.98,0.30865080817998003,0.03541812368000817,0.3584622175127469,De-escalation-favorable
11.0,0.3086774807374215,0.03531497209827464,0.3587033272935316,De-escalation-favorable
