hemoglobin,eGFR,prior_bleeding,optimal_switch_month,expected_loss,bleed_probability,ischemic_probability
11.872183217248198,41.57822637278639,0,3.4000000000000004,0.12649015581690315,0.08206825273031693,0.024365825345050718
11.448567412879028,35.91607980510828,0,3.0,0.14386187552884888,0.09493974785973447,0.027013016275949653
12.19301268873539,47.550748231269935,0,3.8000000000000003,0.11256134160027009,0.07227359783306486,0.02193396692188543
11.454567211042486,54.21601434581587,0,3.0,0.11789806463955986,0.07720250584399446,0.02217385811503847
11.029930699000557,42.660507176033555,0,2.6,0.1445317928576123,0.09644843029911121,0.02651962503441241
11.994154572176033,48.73048491922616,0,3.6,0.11450368072707753,0.07392093984896164,0.02210749463418582
11.999388129159096,41.6626100771906,0,3.6,0.1237811698797862,0.0801460643231725,0.02390300326859629
11.813029062738618,49.933301712335876,0,3.4000000000000004,0.11634993526219262,0.07548277751689192,0.022274798673706298
11.499333456170321,49.06690019801981,0,3.0,0.12408298277234962,0.08121182085594003,0.023453624656711525
11.150618924618255,61.13269121047739,0,2.8000000000000003,0.1154486370535863,0.07636837681438557,0.021223682493647478
11.072344334084498,52.08885102043603,0,2.6,0.12901290631486848,0.08556220066905229,0.02379453273283305
12.886221942306564,48.522811553836256,0,4.2,0.10234532393278309,0.0642574079450765,0.020639950581003874
11.866839350287101,52.24058834414813,0,3.4000000000000004,0.11228253030477905,0.07251387053482983,0.021628623394087776
11.187329314109032,48.40414534372792,0,2.8000000000000003,0.13201343838232046,0.08760901543939215,0.024355542907604888
11.821149227706895,66.43566608483732,0,3.4000000000000004,0.09791004247411908,0.06299369295783452,0.01877432324487327
11.20654272518281,55.853449144945166,0,2.8000000000000003,0.12087532539163198,0.07986572901521194,0.0223585861037765
11.203408696404694,51.42979880211819,1,0.0,0.2207739333564483,0.16378143229723607,0.03176029474071307
11.687864561132173,22.545427392442914,0,3.2,0.1514206168622029,0.09932602205022312,0.028879173418811632
11.213163246913581,39.472031170566886,1,0.0,0.2506813774461045,0.1861627391484647,0.036187434292729304
11.383558898632714,45.45444207184374,0,3.0,0.13195205696364168,0.08713334026227382,0.024599245118451685
10.70613207795734,44.08857938200493,0,2.4000000000000004,0.14959998381400963,0.10089458859898648,0.02688552659707244
11.458956529936009,46.564686837693316,0,3.0,0.12859625602289582,0.0844759615039713,0.024188408540543826
11.70473785134413,38.46183390548414,0,3.2,0.13432240148359575,0.08766327899269832,0.02568183675935143
10.872950176438879,52.50608709074818,0,2.4000000000000004,0.13258888619446474,0.08837948416452912,0.02424082472349154
10.667711005554878,19.888863860805106,0,2.4000000000000004,0.1813748823146116,0.12318451644859663,0.03246492109765586
12.256296675843355,54.24081819365159,0,3.8000000000000003,0.10329417024237592,0.06585515813205467,0.020258242417836025
11.895033432625954,25.375085114292105,0,3.4000000000000004,0.14400744935100585,0.09376128713732546,0.027791860125694345
11.003437903242585,41.91474486849448,0,2.6,0.14631694405473963,0.09781041546736335,0.026768546227868395
11.621049536669055,34.09338835617201,0,3.2,0.14182670323453658,0.0931813534350362,0.026850205764411994
11.66813927029569,32.037030474662444,0,3.2,0.1430469975103691,0.09376031336924695,0.02722746125948361
11.2767227435817,24.856292475194714,0,2.8000000000000003,0.16068723137482466,0.10681162411138001,0.029926827802026268
11.480631314045263,49.9771108442469,1,0.0,0.21342517250863907,0.15639468556344416,0.03178263937952641
11.732841825537447,53.161835277637934,1,0.0,0.19667954427090037,0.14232288691606987,0.030209798444017943
11.615662775090419,48.247459555979816,0,3.2,0.12272906787861249,0.08022744015766903,0.02323625160055498
11.155041430338766,53.46690958017654,0,2.8000000000000003,0.12524835283127478,0.08310013891186574,0.023028361129064145
12.926290412210276,54.03513514727111,0,4.2,0.09572153951091081,0.0598175228823602,0.019355303899147414
12.658685075408005,42.520054910451606,0,4.0,0.11205505794287805,0.07083791315741761,0.022480673403212026
11.563776532790236,40.2469105670916,0,3.2,0.13522180917805326,0.08898093814135666,0.025435806492174473
10.371408489655632,48.2374217280846,0,2.2,0.14917827232085834,0.10133946916746628,0.02637576656081886
10.979811208370148,43.46612190884743,1,0.0,0.25055118325313797,0.18777682794059558,0.0351613854779661
11.719497949657889,38.12825724143465,0,3.2,0.13441684761384276,0.08765365892838073,0.025743052167918834
11.474094990262362,52.33920389102117,0,3.0,0.12002831951934294,0.0785672872715808,0.02262413661633067
10.869871226614375,38.48651075909021,0,2.4000000000000004,0.15475990814029728,0.10370420859872065,0.028268058553868602
11.515657794424724,62.879081375667454,0,3.0,0.10653506893160189,0.0692139653086854,0.020188884484068526
11.183473750055425,41.92901227478046,0,2.8000000000000003,0.14197039205494552,0.09447678919300506,0.02617270756584733
11.59358598064739,45.47641854387628,1,0.0,0.21987773736324182,0.1603938156568977,0.033225836297849476
10.641864194081416,39.74603225856893,0,2.4000000000000004,0.15804854487699452,0.10706309838380512,0.02822673323128788
9.97641015245947,44.55991108319633,0,2.0,0.16191112460969104,0.11092218117823804,0.028228790253795877
10.805097158242669,44.30897166202148,1,0.0,0.2553997307861209,0.1926410479812547,0.03515216635580365
11.807649820481716,41.49274318298144,0,3.4000000000000004,0.1279821266509894,0.0833734632440466,0.024475684357025185
11.837616765622254,49.24738107471146,0,3.4000000000000004,0.11678865599321453,0.0756749047072911,0.02241985369760202
11.605688360854645,51.1136690070383,1,0.0,0.2059481287768097,0.1499984871696607,0.031146848004205308
11.64042309381784,57.499066425318496,1,0.0,0.19072356563830892,0.13850191251305655,0.02895391360308963
11.82071415998941,57.81264048552187,0,3.4000000000000004,0.10634645466846862,0.068691694861713,0.020385152827503306
11.205648169264789,33.83982003087209,0,2.8000000000000003,0.15279368779621094,0.10180088235271889,0.028231062025583564
12.010378613429044,52.74273288885716,1,0.0,0.18832896609599506,0.1345121073797928,0.029892269833060148
11.553807497090556,50.469154515253926,0,3.2,0.12093216147826585,0.07928525206161685,0.02273347612744059
12.00840037775891,42.33055057327648,0,3.6,0.12272835847908559,0.07939875712878508,0.023723294911941473
10.275404268642525,33.11988658795905,0,2.0,0.1757218383370309,0.11960303507375325,0.031246354860751557
10.478034386708213,42.03341265058506,0,2.2,0.157743293025299,0.10692108089099017,0.028130713020181664
11.319872304697954,35.36935611273662,0,2.8000000000000003,0.1478559469326242,0.09779530625585431,0.027682729809864637
11.036082376428764,36.70848999258311,0,2.6,0.1532755210751633,0.10244308579009476,0.0281367266382756
10.233863960864678,53.82057702894691,1,0.0,0.24827109365910488,0.19029017098244017,0.03234171922156748
13.618341031891612,52.64012733047225,0,4.4,0.09278025595639203,0.05722113899932857,0.019152421739449088
11.522711761420778,26.16557696597374,1,0.0,0.26311278202600147,0.19291619541512517,0.039527403888750756
11.052076787364648,35.96391735242746,0,2.6,0.15391623257805462,0.10280027142586678,0.028303506560110492
12.664008886008649,52.90918216339395,0,4.0,0.09955724141338154,0.06257324213319759,0.019990587811872906
12.326978534179995,34.875805621448166,1,0.4,0.21630909491167732,0.15482172372270409,0.03440433599351367
11.804267089244528,34.48968567578455,0,3.4000000000000004,0.13696699201529955,0.08946895300265723,0.026175317066260195
11.950775543716874,47.219219148378585,0,3.4000000000000004,0.11732523989717163,0.07556059520028813,0.022802732174637352
11.293777526896239,36.45767748352787,0,2.8000000000000003,0.14707638500794679,0.09740350686658006,0.027454634200803962
12.69520553594014,27.301254282506672,1,0.6000000000000001,0.21819960374391617,0.1552039169162257,0.03529158048687675
12.284925017278452,38.29990801017519,0,3.8000000000000003,0.12268239751154694,0.07870109160062999,0.024106650535833496
10.825368788605255,56.6034034575702,1,0.0,0.2223653145520112,0.1673663011581309,0.030587654937576647
11.407085988876476,39.787539195739654,0,3.0,0.13963817666583345,0.09227345324820169,0.026096896128018687
11.689480280436323,40.16901000165122,0,3.2,0.13239964221554545,0.08643739603736023,0.025271909516579538
11.404969596295906,34.65995890191579,0,3.0,0.1465810604565407,0.09703176542142056,0.02738193825595303
10.463295082344315,46.33286392896377,1,0.0,0.2623477522808181,0.20000907706067006,0.03490510307067529
10.641734010506188,34.48658062848881,0,2.4000000000000004,0.1659997243520969,0.11260621652514358,0.02964323989820783
11.629607395442363,60.918331721796875,0,3.2,0.10642829225851871,0.06909609853407894,0.02019540807319986
12.016013246290786,24.236407321307464,0,3.6,0.14211802388544412,0.09241365184504591,0.027473160023763654
12.396339301826284,36.09321947995036,0,3.8000000000000003,0.1233634375923841,0.0787400062743201,0.02448437136356707
11.948024949856581,41.796425167675295,0,3.4000000000000004,0.1246353386786288,0.08047986067347723,0.024209104708912688
10.9997828757979,55.2753986787413,0,2.6,0.12593784240329525,0.08375990425051005,0.023045845972226586
11.76778958968511,41.9518812453696,1,0.0,0.2213257664534482,0.16022296678900405,0.03417811744967303
10.95075956023338,44.94478638756966,0,2.6,0.14277984746553274,0.09562032507181373,0.025976189643364123
11.461239551469438,45.40830129669517,0,3.0,0.13023315330555027,0.08558086202650639,0.02450134781120228
12.244419451525424,25.790248580616,0,3.8000000000000003,0.13608198953111386,0.0878216924476255,0.026623704166757856
12.372075961199938,46.42094150485557,0,3.8000000000000003,0.11117342871884177,0.0707237326872373,0.02202923295976733
10.93379570980844,30.91349460322547,1,0.0,0.2825952050750079,0.21231618736313163,0.039575892771691934
11.06228721077121,40.12961698201105,0,2.6,0.14762481213479822,0.09841669645206819,0.027181244519252967
10.64900654767904,44.87863557183285,0,2.4000000000000004,0.1495054844018822,0.10107612772735652,0.0267231509850151
12.506278642990543,35.28002886868176,0,4.0,0.12252682073027071,0.07824752922542133,0.02428193617932317
10.13313023159974,27.94807678582961,1,0.0,0.32025163777321486,0.24621841535593414,0.04178424848075335
11.897707083687914,40.77647072868274,0,3.4000000000000004,0.1270160977199936,0.08230630172066589,0.02453517411725159
11.99603152752538,33.94270181742195,0,3.6,0.133326689653137,0.08658984811705706,0.025727553844752893
10.572289173608898,52.073301596171284,1,0.0,0.24261754701341592,0.1842796973947698,0.03255167624626243
11.431681323964138,40.9989009307031,0,3.0,0.13732138951516534,0.09056410832051476,0.02573957717332387
11.886228983544534,66.55739468144753,0,3.4000000000000004,0.09675332010228851,0.06198471103408909,0.01868741709894084
11.894335370203347,44.40628594000657,0,3.4000000000000004,0.12222722211035106,0.07909708830231577,0.023605961063550174
10.217638799465327,56.33623363517339,0,2.0,0.13844537450164124,0.09374491615249725,0.02452968138184941
12.154223850578742,63.4530272214343,0,3.8000000000000003,0.09528868860759859,0.060824253569178754,0.018508491199070498
11.840031972735334,47.69325863534798,0,3.4000000000000004,0.11884508904082236,0.07705301920739849,0.022818864607896394
11.921632951923524,33.43200909462434,0,3.4000000000000004,0.1355188940966517,0.08791564276874086,0.026237206663476953
10.493846571353984,35.27273265074669,0,2.2,0.16814348231698847,0.11410646783509981,0.03002177322464039
12.027121137873841,55.049282841553584,0,3.6,0.10596548827930738,0.06805231747836171,0.020537159294673923
10.454999225086688,43.08301315114952,1,0.0,0.2718932626980982,0.20737632273279838,0.0361864352737058
11.52922956265446,46.175039413482416,0,3.0,0.12758268256212693,0.08344961632279324,0.02419592131725512
12.300354409152797,48.160660319246304,0,3.8000000000000003,0.11006352885792581,0.07022569493190522,0.021669314074129753
12.042908698080764,41.66630482562366,0,3.6,0.12292409497057388,0.0793841429690254,0.023847030589146168
10.91482056700204,28.76074581739025,0,2.6,0.16656174511216928,0.11226748889261695,0.03017309189385431
12.155336848481832,38.546330818684034,1,0.2,0.21464834247942038,0.1537033178719761,0.03408530859261427
12.200956748425398,47.920405425784345,0,3.8000000000000003,0.11195432894771515,0.07183801494742537,0.021833125882523396
10.420089786998606,33.605238634846515,1,0.0,0.29808792650862814,0.22763649018134602,0.039677315486636555
11.242328082935341,49.363535468113746,0,2.8000000000000003,0.12933854186449453,0.08551336574049806,0.024014809484703803
12.021951177481844,38.704169087966605,0,3.6,0.12711874844275653,0.08229418597122451,0.024602683806783543
11.531557657441686,44.68628247248293,1,0.0,0.22429506456042392,0.1641106796423153,0.033637873481240366
11.629315162171103,44.66783264616546,0,3.2,0.1275035418741651,0.08340786436700742,0.024173927945386864
12.074937185665217,50.37456678871073,1,0.0,0.19141580945283998,0.13638617075747406,0.030605669820803483
11.300986420981221,37.26742721404163,0,2.8000000000000003,0.14579157899644152,0.09648627435359736,0.027238414495790675
11.243262017094661,41.64814511741257,0,2.8000000000000003,0.14094116883931912,0.09346615751765652,0.026161771365683872
11.340150782059892,59.40101555925639,0,3.0,0.11370850749449574,0.07482909835327745,0.02110553478895194
11.756327894921531,29.442928855186587,1,0.0,0.24725838380025383,0.17933525976488773,0.03819007296198007
11.301969152749527,28.96819281208842,0,2.8000000000000003,0.15595467152350984,0.10342888657705063,0.029132814674387775
11.624675427724233,27.936279837938297,0,3.2,0.14842949635158695,0.09764874261212508,0.028106325729095216
12.039885837925048,39.24752116473843,0,3.6,0.12607836479321174,0.0815165259191154,0.02444814051417432
11.040036779864403,42.04841070288464,0,2.6,0.14523884951690524,0.09688568182879065,0.02667833393418506
11.256798180906914,39.51069480695259,0,2.8000000000000003,0.14373937116811186,0.09531468963368361,0.026720400902604857
10.04377453303588,64.72094165833204,0,2.0,0.12954835838726808,0.0879677018527052,0.022694503843860514
11.410658853835812,41.184738144037325,0,3.0,0.13756195751483485,0.0908357049596622,0.0257213250324545
11.519711966060095,36.95841914115912,0,3.0,0.14072767072876344,0.09242801494878439,0.02664685634116415
11.677546993312687,31.894085713289392,0,3.2,0.14297374599404575,0.09366072373040579,0.02724295427272938
10.983310622497939,39.958427582991945,0,2.6,0.14980115797754268,0.10031636854554749,0.027343993783526588
11.288312261607182,40.37512980213251,0,2.8000000000000003,0.14171183197462428,0.09376252960307452,0.026440766100911617
12.432572165991235,47.88631687657758,0,4.0,0.10846100253351162,0.06912417621755695,0.02137460371526745
11.612890593782895,39.96554678431508,0,3.2,0.1344500357937899,0.08820879484715016,0.02543602408625867
12.744420111620622,39.44707721626603,0,4.0,0.11462654417285653,0.07229745990276082,0.02313475545299748
10.629439596565717,38.00395425758709,0,2.4000000000000004,0.16105545174164074,0.10921572281363512,0.028729252310591535
11.312823955565092,31.974300257382033,0,2.8000000000000003,0.15227835888245747,0.1008552195475877,0.02848419960874693
12.160360243855939,52.33793274362142,1,0.2,0.1846621112263507,0.13183181638509744,0.029311938141913685
11.332136564944946,34.42714854767368,1,0.0,0.2568752440059061,0.18985947857220165,0.03765633260806145
10.806848846715429,48.008434984736965,1,0.0,0.24522047781902215,0.18488743183315304,0.033725321168158295
11.999308823397936,48.3416157723331,0,3.6,0.11492188289872128,0.07418188948910631,0.022199996123302923
11.977415088014777,54.29435187396745,1,0.0,0.1861058944455924,0.1330806927205479,0.02942658925002617
12.055849048104488,39.27079162818693,0,3.6,0.1257334088388773,0.08121595448289864,0.024422031974105085
10.629666098085352,38.85308353981914,0,2.4000000000000004,0.1597279361045418,0.10828882840955811,0.028493592761755115
11.215465199897103,50.41773021717868,1,0.0,0.22282164260719417,0.1652392576363515,0.03210728527696627
12.061652271363675,36.44789093692939,0,3.6,0.1290687195647281,0.08343005162974992,0.025081569373516577
11.905231015852738,46.90345929236294,0,3.4000000000000004,0.11862863173475036,0.07662795986469939,0.022941571688265272
12.015230530931692,37.43627022642143,0,3.6,0.1288223448394013,0.0834700328851844,0.024913124678951126
11.411620413797904,39.976864122923025,0,3.0,0.13926002787748049,0.09199151023371177,0.026040304496334543
12.524879491613566,46.91738315376378,1,0.4,0.18641498391854205,0.13211991543759172,0.03017356969467666
11.300358709801534,47.908795120708184,1,0.0,0.22572813546757037,0.16683188439969532,0.03288014768698533
10.725952964985261,63.09364989087449,0,2.4000000000000004,0.12119629856171082,0.0810658834733512,0.02184142064021155
11.773729013698933,36.03980373612155,0,3.4000000000000004,0.13580733133001868,0.08883562430972514,0.02586571001193738
12.485554024145163,54.02571002645775,0,4.0,0.10040274599659105,0.06360500236111677,0.019881025667926044
10.86066033740759,47.902578414953474,0,2.4000000000000004,0.1400530440633356,0.09358912184846202,0.025567013067572697
12.026777674805674,33.333274380400546,0,3.6,0.13335087111511285,0.08646425723242701,0.025815655225109313
11.328098492783738,41.762398535230886,0,3.0,0.13871939459964386,0.09204889363941049,0.025688529976607866
10.84441940077558,52.346196134515694,0,2.4000000000000004,0.133416984237301,0.08907293906897973,0.02432002656960075
11.418827900094906,47.25264635441971,0,3.0,0.12849539910355035,0.0845991612707867,0.024056610489860963
10.897007736935317,44.648082380681,1,0.0,0.25079605307409775,0.1885328210565388,0.034860724716211156
12.378707514396766,62.57968283565924,1,0.2,0.16042287234794653,0.11316976685346403,0.02603123852616618
11.345953486689016,54.20190711418866,1,0.0,0.20861554097870802,0.15371065473470713,0.03053228602588287
11.600158622352604,55.381765596482325,0,3.2,0.11343267684898621,0.07397550086698057,0.021445397636473906
11.437279008969806,41.689861003317084,0,3.0,0.13619715888837255,0.08976812542555401,0.025546490272246203
11.921484549150474,27.82430070719106,0,3.4000000000000004,0.1412469325024082,0.09176873792451123,0.02734011445758644
11.344776085234626,70.07983158484922,0,3.0,0.10340888125004259,0.06774942528574224,0.01921144468488256
11.126956618869563,47.44640179151932,0,2.8000000000000003,0.13484428006318777,0.08984409547598993,0.024705990933645783
11.99999294682406,35.49963411744825,0,3.6,0.1314562220994982,0.08531181562902157,0.02537906262969214
12.36137369221983,43.144483142635174,0,3.8000000000000003,0.11546774876717031,0.0736153034896746,0.022854379574997474
11.104723429556339,51.821816244422536,0,2.6,0.128712007768822,0.08520982703565583,0.023824812195980094
11.576180432233357,34.39769843043025,0,3.2,0.14257216060944733,0.09392605836663426,0.02685064837812534
11.447595387904737,29.7878422492053,0,3.0,0.1511768507764448,0.09993519535434015,0.028377444365943916
11.647619470646626,49.63008899274659,0,3.2,0.12012086992794696,0.07831160989663477,0.02282897648900717
11.52450752860219,66.57873238396647,0,3.2,0.10294395117603991,0.06713581520075418,0.019298903514873955
11.816364504797827,69.91491907236993,0,3.4000000000000004,0.09537557932722429,0.06129981307102195,0.018279862503648436
11.296750951893582,30.296035898738612,0,2.8000000000000003,0.1546419938279462,0.10256106681452848,0.028871133537304527
10.842440633815103,35.91974931601918,0,2.4000000000000004,0.1591968758970615,0.10690656952272903,0.02899429786725438
11.534120297899515,57.35318282291151,1,0.0,0.194769360649071,0.14216726204112073,0.029177705063500148
11.664690187272532,48.376326458392434,0,3.2,0.12150629241725833,0.07917430345510845,0.02313646409538228
11.15052895614794,59.59940168927483,0,2.8000000000000003,0.11724940490705663,0.07760922485237809,0.021553047090987376
10.565282144409656,52.60140663319394,0,2.2,0.1384748452202333,0.0931558026407594,0.024893554458514044
11.169486515397544,46.550849871340056,0,2.8000000000000003,0.13524741342835433,0.08991921836898231,0.02489893827021883
11.69729980456716,61.93536123501862,0,3.2,0.10414177918737427,0.06728150855992965,0.01991780625143802
12.180363242098883,34.70940975132656,0,3.6,0.12874070942003232,0.08269941812854942,0.025318406642048763
11.951313206924883,55.0220498875469,0,3.6,0.1072967450011391,0.06923069480657407,0.020627088349744138
12.046571587220143,49.192124844223876,0,3.6,0.11295220420839824,0.07267160017018182,0.021929767081303786
11.855136379752357,33.46560579442712,0,3.4000000000000004,0.13697892491973557,0.08922429069437032,0.02632625542668543
11.07027697862286,53.67868947986676,1,0.0,0.22039439910062467,0.16437036553430295,0.031190607980189244
11.98984631315176,65.86297129843751,0,3.6,0.09568704752103055,0.0612736183804623,0.01847848772974603
11.4657287102415,43.20887551368841,0,3.0,0.13333160974017277,0.0876707815801997,0.025094604799984155
11.72441604221403,43.79002625212505,0,3.2,0.12664454544866133,0.0823766090778798,0.024275256688695013
12.060850290610112,40.805283805550005,1,0.2,0.21308306594328258,0.1531567164208003,0.03348608795440133
11.299861139520742,47.214832325269775,1,0.0,0.22750335005387096,0.168164404825914,0.03314055601644528
11.826121252714652,29.396141280251243,0,3.4000000000000004,0.14198687572844082,0.09275315511617699,0.027196306242508128
11.296299526932648,31.11034705787341,0,2.8000000000000003,0.1537270860557728,0.10193800341763892,0.028699460375372854
10.6774571167368,28.694115130111317,0,2.4000000000000004,0.17264522957862027,0.11706115528646255,0.030931808407151595
12.417735002506978,51.058693131394534,0,3.8000000000000003,0.10477284222012065,0.06632937894197266,0.020849096045969406
11.939322042001733,37.618539948311195,0,3.4000000000000004,0.13018172897700633,0.08424447475177466,0.025257208367783335
11.284042452186457,55.347850199690946,0,2.8000000000000003,0.11993991414597324,0.07888585238156531,0.0223847422143576
13.171612002943762,44.72311502845949,0,4.4,0.10433305046399574,0.06537339641470608,0.021152737676052746
11.647178631419761,57.70996318417351,0,3.2,0.10968162670000607,0.07123236614423889,0.020852506209274813
12.579338735951378,42.000939581475016,0,4.0,0.11371078007967671,0.07216351416389144,0.0226748623034031
11.57606796669267,63.135936206048726,0,3.2,0.10515695814727916,0.06844365150551746,0.019831356848095116
11.801495692648116,46.81754343049871,0,3.4000000000000004,0.12082215935833132,0.07855734826675398,0.02309694770092785
10.583825019597912,40.49220780807856,0,2.2,0.15810342094215035,0.10672736526579285,0.028456503339033823
11.274407133227594,54.67606224190976,0,2.8000000000000003,0.12104501032616571,0.07968460000958566,0.022564947245047096
11.300089250947497,47.50078323779476,0,2.8000000000000003,0.1308201049575759,0.08625397584680183,0.02445066418280828
12.590752739377303,39.407478623102875,0,4.0,0.1166447793341362,0.07407282403805238,0.02327762076240225
11.318395140733221,46.00202179825099,0,2.8000000000000003,0.13264419722869242,0.08741201358991035,0.024842460963989454
13.796911134001782,31.813618340577577,0,4.6000000000000005,0.11410034957722359,0.07128452353762849,0.023421074140938303
12.404202645375193,41.45580152821657,0,3.8000000000000003,0.1169021694504386,0.07442104901229951,0.02322418849302299
10.921671777851957,29.19952404716618,0,2.6,0.16588459058832988,0.11176153913378395,0.03007238320855643
11.567557129145813,43.7527773651876,0,3.2,0.13019631061416562,0.08553666966510742,0.024505671146504815
11.298419421528477,38.34488058008267,1,0.0,0.24959602400464392,0.1846948925235805,0.03641243028297847
12.102818313959684,52.700509682588304,0,3.6,0.10754001677932344,0.06883240058150442,0.021004480116364133
11.788791445947414,33.682226543518254,0,3.4000000000000004,0.1382686500681204,0.09042778860933354,0.026376977328698148
11.866492924841522,41.66668102813368,0,3.4000000000000004,0.12649190796677479,0.08209538814690576,0.024350894011687663
11.174012087332775,40.57020046319498,0,2.8000000000000003,0.14423187848320226,0.09608101313326256,0.026559332558788062
11.701973551251713,43.178146856247935,0,3.2,0.1279865945627802,0.08339003081924412,0.024468566907962397
11.254535605202669,32.5830011622206,0,2.8000000000000003,0.15308284068160177,0.10173008216054436,0.02844279913003378
13.374680548332883,39.601700263572575,1,0.8,0.18601000214878005,0.13060509670748122,0.030826414965469895
12.256499317497505,28.608158810121594,0,3.8000000000000003,0.1334499289592361,0.08600974712308451,0.02614128343303035
11.941517879954773,44.49491490091826,0,3.4000000000000004,0.12116582596834297,0.07817832780475775,0.02352205774328542
12.911980580003233,53.92626597716906,0,4.2,0.09596487428016962,0.06000582741367155,0.019387674627351803
11.978010300738529,48.870972991417865,1,0.0,0.19784936986311719,0.14164760372445862,0.03129515655215209
11.989271232052703,55.26989939393293,0,3.6,0.10634548269324856,0.06844740728647758,0.02052827965104176
12.042534463776558,49.23445181011221,0,3.6,0.11296887485048933,0.07269845341087455,0.021923777317420456
11.186472359204306,16.767571389339476,0,2.8000000000000003,0.1692825810944896,0.11324229925188545,0.031200165789767142
10.898986377989251,46.95936661923426,0,2.6,0.14072690755543377,0.09443785833950058,0.025464146597607762
10.957631625674283,43.22353542742744,0,2.6,0.14534831465306822,0.09736448603484316,0.026461075657779443
10.352283352296622,66.47678940474651,0,2.2,0.12355807578190839,0.08344950094169401,0.021828573435420218
12.186166072452213,63.8026028171394,1,0.2,0.1632210214163347,0.11606530688449246,0.025973949724613088
10.41160132913377,33.00652435799797,0,2.2,0.17314394664327626,0.11794973965446098,0.030702474699303095
12.482562996764065,61.081653992781725,0,4.0,0.09314808836559085,0.05879371125467925,0.018443751241712714
11.342741473849543,45.79980318538089,1,0.0,0.22931173112406575,0.169210309804128,0.033589071364669265
11.262787662986009,62.57821209203832,0,2.8000000000000003,0.11167357599245423,0.07331770756392952,0.020797569663838056
11.913860789772398,40.49504265142477,0,3.4000000000000004,0.12704736522989235,0.082253914619008,0.024584382712284913
11.860424951576663,37.250804715124815,1,0.0,0.2280815447760302,0.16451078821695886,0.03562985679945374
11.271330895535069,42.71165529496735,0,2.8000000000000003,0.13868044110255387,0.0917743807271032,0.02582709433850039
10.871350720632389,44.774246500532136,0,2.4000000000000004,0.14485113706098288,0.09685469524958734,0.026468495183173846
11.463797144461394,52.132845118698526,0,3.0,0.1205302083364766,0.07895549123250001,0.022691010061162697
11.518069832403318,31.771675307981063,0,3.0,0.1471437192949414,0.09679727147248407,0.027850851660269016
12.071354340824481,34.53457175119458,0,3.6,0.13108804783120226,0.08474243397744641,0.02549741991397403
11.221858587760046,36.5578389170516,1,0.0,0.2571917497892816,0.19097138383274437,0.03718845056266895
11.369159429349134,50.05167799574257,0,3.0,0.1255186671745218,0.08279633175046242,0.023366079661211403
11.097866472816936,46.20673788966036,0,2.6,0.13742626234267905,0.09122775558172302,0.025410886329974125
11.602057609864076,38.7383178648565,0,3.2,0.1363668930371112,0.08956713086065682,0.025764565986149623
11.55747602723665,54.049174116617365,0,3.2,0.1160045646825987,0.07590939035840505,0.021820690778937446
10.59911714968829,48.565394155342574,0,2.2,0.1443818717040752,0.09713011491211188,0.026030445171743133
12.203986698593969,30.67076664814735,0,3.8000000000000003,0.13252340769981613,0.08561150136487661,0.02583053313819972
10.42741533030716,34.29261746057405,0,2.2,0.17098158717949513,0.11637204272629609,0.030358555560705325
10.894343965577558,51.42588281984796,0,2.6,0.13379307616028585,0.08964842162699405,0.02420273796075989
12.22565984237209,55.82499999720619,0,3.8000000000000003,0.10193305706244046,0.06504536789844706,0.019933934802349063
10.678960413612021,40.15823404782014,0,2.4000000000000004,0.1565736114354888,0.10586848760683998,0.028061837546264012
10.57696599415618,66.45052382929333,0,2.2,0.1201399117402911,0.08036353606803914,0.02163316216014821
11.20587292632345,50.43116211938954,0,2.8000000000000003,0.12856080721294058,0.08514902314025197,0.023771637689816827
11.909528534623984,47.12601305608254,0,3.4000000000000004,0.11824440016216375,0.07635124643103752,0.022878325724191906
11.272054399891784,67.23146423211887,0,2.8000000000000003,0.1070252761200674,0.07009895630246965,0.019956658716233977
12.103208306283626,55.01104898603842,0,3.6,0.1047598521087724,0.06697033740592573,0.02046442041343921
10.814831236368546,52.95948939889378,0,2.4000000000000004,0.13308515126049725,0.0889675140233781,0.024186845433599502
12.294702993107162,59.445393721989106,0,3.8000000000000003,0.09709705251356227,0.061601016213922444,0.01911531547037637
11.349391799033475,51.41700151849856,0,3.0,0.12398929631926836,0.08183905455276319,0.023029553980297157
12.709759224133855,52.79347494120087,0,4.0,0.09919130608639241,0.06222018277952246,0.019983013709923503
11.073562431964344,46.446180153431555,1,0.0,0.23879467325567463,0.17824320302586727,0.03385380601753374
11.381760344947317,54.415161857427265,0,3.0,0.11914765051962534,0.07837691973756389,0.022218076930624386
11.125180673689513,67.45627324585922,0,2.8000000000000003,0.109553204796242,0.07240615879642809,0.020086497646949364
12.87523500552502,37.12393008756328,0,4.2,0.11572018895881167,0.07309507863513054,0.023308888425694785
9.844633015609677,37.09538380428186,0,1.8,0.17670245039505508,0.12100031268159428,0.03100125747850635
10.55636799299573,59.33757766517623,0,2.2,0.1287716529454771,0.08643732901073387,0.023137837608672496
10.905563763648088,43.60697995514466,0,2.6,0.1459441336784838,0.09802545923486194,0.026422749672718737
11.931431532878426,48.33623453078171,0,3.4000000000000004,0.11619889469783257,0.07488449431258393,0.022537882579558022
11.972594070964323,54.952407988622944,0,3.6,0.10701011890114347,0.06895727044615374,0.020619322620582192
11.881667127485986,44.68632617009426,0,3.4000000000000004,0.12210371073723927,0.07906952228862607,0.023549522616831298
10.41866907931225,36.19377155102044,0,2.2,0.1683325523299272,0.11455793158823291,0.029867423965702522
11.71672550326571,43.61791868567557,0,3.2,0.12705135286202868,0.08268772495604049,0.02433154582705188
10.703472037274558,55.04852165323233,0,2.4000000000000004,0.13214302453493298,0.08876209262396406,0.023753489359393476
10.574375585280869,25.356096870021204,0,2.2,0.17877684211342354,0.12113286502925258,0.03214351593186526
10.68353578844889,30.990342009047822,0,2.4000000000000004,0.1697117797133112,0.11499017273256751,0.030424474694555115
12.549743302530693,47.56995499929091,1,0.4,0.1844625502293371,0.13059661220301777,0.029921140015481962
12.000031977698434,46.10375517191754,0,3.6,0.1178808272989431,0.07617080526740938,0.022770601195019835
11.235356718961448,43.59959834584339,0,2.8000000000000003,0.138205998224442,0.09162984982346734,0.025633028471161556
11.588116515763492,48.98670897478193,0,3.2,0.122277857048155,0.08004642520454142,0.02307731284918446
12.166277923357642,50.5841560557265,0,3.6,0.10913268180719587,0.06966782763673174,0.021449914217920085
11.828528439680124,18.295642462758668,0,3.4000000000000004,0.15064586964622598,0.09859270574707457,0.028854802293618476
11.61286467823975,55.16342823442257,1,0.0,0.1965772286523777,0.1430103243691736,0.02974523781364946
12.162030011838093,64.70123718996696,0,3.8000000000000003,0.09410885804903563,0.06000892794975421,0.018294076528989067
10.396122281254755,56.931203790507986,0,2.2,0.13480386127599883,0.09119066283840316,0.023890116727997457
10.997282652823285,44.38300610472063,1,0.0,0.2473956245395154,0.18526924895007224,0.03478022093496658
12.125042061117405,43.884276221319304,0,3.6,0.1185016648313905,0.07608343804953677,0.023187192224619846
11.441826586421023,46.546338706664216,0,3.0,0.12901044355175648,0.08484070449654146,0.02421749356189118
11.073950553588437,34.289632567729825,0,2.6,0.15562871374529985,0.10386193140802702,0.028686342551336952
11.421637883875999,31.052011298212626,0,3.0,0.1504707131624025,0.0995984243960022,0.028160169862588402
12.512183660232099,40.37287070896251,1,0.4,0.20034744155163406,0.1422620706034854,0.032403159381263924
11.004527128214784,50.73922894229348,0,2.6,0.13249799124903705,0.08826737739319368,0.02425330226814315
12.248524019658596,47.4144978984012,0,3.8000000000000003,0.11182780548231966,0.07158330316578432,0.021908530774432555
11.95373673686943,36.68917610563334,0,3.4000000000000004,0.13101647080681175,0.08473839736272015,0.025457690261230348
12.04092824953466,45.91809752236289,0,3.6,0.11736350834579892,0.07565661137126023,0.022768762926199226
11.451743311233288,56.97218643381586,0,3.0,0.1144102403643492,0.07483692703468481,0.021513713723331995
11.591065299474526,44.5127858010696,0,3.2,0.1285791510950463,0.08432181272307337,0.02426902257174879
12.383246833144483,48.237524636862744,0,3.8000000000000003,0.10872764106071807,0.06906211350116942,0.021567957387969794
11.43590026768216,36.85124770986036,0,3.0,0.14295211685422154,0.09438643708486993,0.02680334104079507
10.848001551984945,56.753954851677896,0,2.4000000000000004,0.1269213167267895,0.08456707029054744,0.023149556727201204
12.40006151925228,45.33177320901031,0,3.8000000000000003,0.11212920161134202,0.07126613836526641,0.022272390144750354
11.438000633710358,30.48994249390083,0,3.0,0.1506664383241887,0.09964069614041271,0.02825043657869175
11.906709699063498,41.84725564241723,0,3.4000000000000004,0.12541256834665113,0.08118627416946333,0.024250761280698696
11.350965126937846,35.63112072797193,0,3.0,0.14671520151346917,0.09741552251516061,0.027235105293122674
11.96789719880151,46.35904410179176,1,0.0,0.2038691168019151,0.146101642437511,0.03221616139082595
11.953329165801087,39.409713498825866,0,3.4000000000000004,0.12763093668227324,0.08246739670288239,0.024802082340818155
12.040050603240996,62.2991531183657,0,3.6,0.09803376774284772,0.06268142358750128,0.01903079067961555
11.813551760368766,49.02248239006523,1,0.0,0.20317251879756784,0.1465815807085329,0.03152408122884409
11.547511192341155,38.933951638491536,1,0.0,0.23730079223056835,0.1736283291329046,0.035689684175096326
11.011922332831002,61.42652972502482,0,2.6,0.1178065555321717,0.0780987738062866,0.021592812779932413
9.958585805061952,29.916997508068135,0,2.0,0.18569675037485148,0.1277177845517824,0.03234056813121711
11.659988092667211,43.751347063856144,0,3.2,0.12811520849872268,0.0836769911394818,0.024375421976024048
10.904111657703282,33.64681125928087,0,2.6,0.16081699851274042,0.10834358042962655,0.029102010637125808
12.478431762804613,49.81444543749478,0,4.0,0.10545949998070361,0.0669869352098258,0.020866214571104602
11.402465867426727,45.23798818394003,0,3.0,0.13183470493563929,0.08696075533907843,0.024631735056800497
10.146322299850745,44.631975871165615,0,2.0,0.15922686008432563,0.10852357931045031,0.028060753396397242
12.47477287424814,54.42391046052876,0,4.0,0.1000891095039513,0.06342679691522435,0.01980136034630997
11.0958241627638,34.386505414667766,0,2.6,0.15493707820473615,0.1032686124653599,0.028628509258456614
12.03208632508313,50.933797713334684,0,3.6,0.11096011452169574,0.07138937855631766,0.021512197626692986
11.202140268545069,54.152491324163165,0,2.8000000000000003,0.12328572587047756,0.08154116316053339,0.022790919241143626
11.405226378310788,42.40687811030818,1,0.0,0.23514220445865744,0.17310117903000177,0.03473001495803274
12.751810821992933,34.70250969501799,0,4.0,0.11974580422384032,0.07564845409764298,0.024174911838939606
12.033538682162746,38.969803088171446,0,3.6,0.12655357974988365,0.0818634896888949,0.02452358238881691
11.659932487876862,52.367201057888835,0,3.2,0.11614803640250507,0.07556311522478076,0.022108777163367233
10.427668897751843,45.1767081060901,0,2.2,0.1533937868279339,0.10408175210846815,0.027242373364391614
10.903000012013571,44.33473600796613,0,2.6,0.14484109548280338,0.09727266637850562,0.026216723002528086
11.243268505881778,34.591331140476235,1,0.0,0.2606061456422198,0.19335623239066213,0.03779406661856333
11.601352665818595,44.45501361272483,0,3.2,0.12843025094227026,0.08417120091619801,0.024270029427101325
10.868157215314435,55.29182273230735,0,2.4000000000000004,0.1285793939494485,0.08563052198375032,0.02349933645041069
10.837586015975367,54.288196344279264,0,2.4000000000000004,0.1306444531247938,0.08718413559556948,0.02380018678189666
10.991673658215838,34.3058901246245,0,2.6,0.15771502738212417,0.10573867424463079,0.028809619492643157
11.013546019598238,55.43872405593871,1,0.0,0.21829604676292863,0.1631409136105716,0.030679490089621786
12.064920975258811,61.50932802057673,1,0.0,0.1700347354818654,0.1208837760972874,0.027147623167398827
11.240427809085196,47.72925084000816,0,2.8000000000000003,0.13183212151562285,0.0872325965043218,0.02447030883017709
11.675068306347045,48.59116941742794,0,3.2,0.12098879231438041,0.0787767730881036,0.02306589366251577
11.946975701703929,53.19782668749284,0,3.6,0.10960587325923843,0.07080511479378182,0.02105926968556271
10.094808429232883,34.6144358840541,0,2.0,0.17679335407626712,0.12101368095072118,0.031046866544438778
11.691261794175913,47.6794671644005,0,3.2,0.12191926603185632,0.07933371216319751,0.023285619922740475
12.536484388875499,51.4222879416731,1,0.4,0.17684388489273195,0.1251398262525093,0.028649446258954492
11.258566911230316,58.908837115578805,1,0.0,0.20154460368878335,0.1489668572592867,0.029163380252645088
10.999492696764657,64.88215350995463,0,2.6,0.11430628122576067,0.07573264903623467,0.020925665993838827
11.545086169737484,24.99163512818502,0,3.2,0.15322556295360468,0.10136055644950148,0.02874412147300187
11.58300973568889,48.26541600600177,0,3.2,0.12340651405596456,0.08083820868819935,0.023275473745744235
11.443153508152553,39.37600542253755,1,0.0,0.24078959880597606,0.17701549705978437,0.03574947161540687
11.256966915778337,36.84452805941897,0,2.8000000000000003,0.14748673745995264,0.09788186470271698,0.027414631033668035
10.853841982282528,54.290112988974975,0,2.4000000000000004,0.13031620751147024,0.08688982327771566,0.023780226019855633
10.940949209689006,38.02427021618221,0,2.6,0.1537295356976607,0.10324584046339824,0.027931585431919093
12.296640211832043,31.47077500956953,0,3.8000000000000003,0.1299879479025642,0.08353209655481819,0.02556226549867413
11.59945436949895,27.192570943798174,1,0.0,0.2579440023417836,0.1884603735760667,0.03910801692100996
11.269716255424358,47.07231016485651,0,2.8000000000000003,0.132154837631774,0.08731336168392478,0.024612632910499532
12.083128789416069,42.564835722508235,0,3.6,0.12099030900395177,0.07791899204055375,0.0235713629196459
11.318685060201773,42.62475529111661,0,2.8000000000000003,0.13767555209295038,0.09084754215232493,0.02578118231801496
12.133678921167254,47.53507551910923,0,3.6,0.11358500013684286,0.0727618676438111,0.02224890146648928
11.588758517977938,43.7804588151143,0,3.2,0.12967431946131663,0.08507842075891214,0.024468175707296758
11.511750215301577,53.33355104981767,0,3.0,0.11789223014309061,0.0769462963097185,0.022321137549042414
10.824433452219848,37.65137122131481,0,2.4000000000000004,0.15709612649324323,0.1055433425073159,0.028560461168192552
11.86442900789799,64.3776449230401,0,3.4000000000000004,0.09894607902645713,0.0635374914032325,0.01906387507248508
12.563660958059701,27.62178316276073,0,4.0,0.12901143597755593,0.08235905356088691,0.025677872009805314
11.351964287012247,49.19644775853904,0,3.0,0.1271437957014368,0.08399015323748527,0.023619789684677372
11.56799376933729,38.51882106209365,1,0.0,0.23736676888966954,0.17352062693053127,0.035791848211257804
11.480205352881827,43.33032467881776,1,0.0,0.22972109933305618,0.16851277496117822,0.034240190806987036
11.733733389440554,56.88502216885708,0,3.4000000000000004,0.10901901392107469,0.07084460604393006,0.020690828163026254
11.280134101290196,46.83623099842083,0,2.8000000000000003,0.13227171808990582,0.08734313522478598,0.024663872273599896
12.898711059827345,63.34785883617599,0,4.2,0.08710054740465512,0.05420507777482264,0.01758557037048969
10.669774348898411,51.990125519025426,0,2.4000000000000004,0.13745873604686878,0.0925952696896235,0.024625568445438395
12.278485294262932,49.67895227584692,0,3.8000000000000003,0.10848992134966187,0.0692501739658572,0.021317498461061568
9.811987941257913,43.50210307104962,0,1.8,0.16600279059908796,0.11357282910993283,0.029076447934797134
11.830834037065209,44.775505437565066,0,3.4000000000000004,0.12302297271131833,0.0799150137611988,0.023592917029482074
11.298128448472589,51.000433069324416,0,2.8000000000000003,0.12570335063755095,0.08276453923520355,0.023493418471969063
11.74580509014512,51.450527505863846,0,3.4000000000000004,0.11565089174258955,0.075294996625631,0.021974055951152094
10.894109216981601,49.96318258561931,0,2.6,0.13606827474902966,0.09122793994062706,0.024611961652001524
11.462720599792723,25.5903958305876,0,3.0,0.15491552721170865,0.10239842630018703,0.02912770641854212
11.31469098737777,47.78858991878805,0,2.8000000000000003,0.1300599119128799,0.08566442686235798,0.02435028532383643
11.046070134278327,59.76843215171011,0,2.6,0.11911118817488298,0.07885965324012256,0.0219126676086826
11.1395628786227,42.40758561157073,0,2.8000000000000003,0.14230557985652953,0.09492856270429917,0.026104127736606086
11.238891489940828,42.34663836547472,0,2.8000000000000003,0.14000546762982685,0.09284657430376353,0.025975819603566652
13.808258069629176,53.38876697563273,0,4.6000000000000005,0.09123058152327626,0.05636081440614371,0.018746921833607377
10.541814866448092,55.353312747354636,0,2.2,0.134663100060628,0.09058986492365417,0.024160726551161082
12.12053994596222,50.6736958271921,1,0.2,0.18937290127887438,0.1354863232003961,0.029933281222634278
11.011628761417455,62.64431704594415,0,2.6,0.11643749466041507,0.07715560307496594,0.021342289167911255
10.163933792825572,31.22050825780094,0,2.0,0.18045206654606577,0.1233327708035169,0.03183487984855815
11.234450230874105,45.57388549656801,0,2.8000000000000003,0.13523494223515786,0.08959585010418425,0.025081818900572705
12.232606592734824,68.57136771146457,0,3.8000000000000003,0.09020873613251854,0.05718926817495529,0.0176585105632725
11.912700296093035,30.82501280961567,1,0.0,0.23836058752097897,0.17163063588102434,0.037488206847032135
10.995869580382497,51.66737289321276,0,2.6,0.13127661427126947,0.08746276167081479,0.024008148588502753
12.280565233828149,20.961309062510626,0,3.8000000000000003,0.13883305998241272,0.0895052692472853,0.02725164160889848
11.74109963762547,59.226411964721905,1,0.0,0.1839405024588742,0.13287913151270336,0.02827139467421813
11.928915193209804,43.0839888301447,1,0.0,0.21268552702094604,0.15278811083104937,0.03346906834699803
11.590130130953394,53.00858471134211,1,0.0,0.20217167693566068,0.14730314734886496,0.03051089975693866
11.091290040327591,39.50022117622895,0,2.6,0.14785333880001345,0.09842533839306378,0.027310588474676267
11.259520884610229,44.945537150949285,0,2.8000000000000003,0.1356017484887534,0.08972433002098446,0.025222010863393485
10.600213322926312,44.71723939077593,0,2.2,0.15078271279777256,0.10157162860705882,0.02718299070041985
9.866842717270773,43.72327582072208,0,1.8,0.1649014138575096,0.11265821185175484,0.028966589415149846
11.80697418624851,52.391996761097204,1,0.0,0.19579167427842634,0.14120207675686847,0.03034682207150463
11.594373736970335,33.46072255654434,0,3.2,0.14324406148499458,0.09428681842115227,0.027033672390495478
11.905779634254836,36.70071222703072,0,3.4000000000000004,0.13203237455659622,0.08564563910156386,0.025521609091195496
11.665204351986565,60.97915146010375,1,0.0,0.18323305313631352,0.13280732893848557,0.02789748482225174
10.99315853063541,46.36776440047177,0,2.6,0.13956078954145845,0.09319559951644418,0.025508935308831915
12.667517824317038,42.45692318635625,0,4.0,0.11202081975165523,0.07079058559918561,0.022488373030864484
10.938284288954085,38.22830105075013,1,0.0,0.2658209294701355,0.19961665241511006,0.037178986502956146
12.468262785304047,53.30785934192319,0,4.0,0.10144434504499214,0.06434636533216898,0.0200576351251901
11.44358081547279,43.29144185135767,0,3.0,0.13373073279576755,0.08805317438916116,0.025104446121533175
11.645849991651987,37.95193399101255,0,3.2,0.1363695839629854,0.08934662813228389,0.02589585637100089
11.84342638573505,49.918875893911896,0,3.4000000000000004,0.11577518634707343,0.07496622807579689,0.022240563688986192
10.58480556304785,48.55320062887126,0,2.2,0.14468169677874748,0.09739577262037702,0.026050543622570865
10.31856938597482,52.16952490359991,0,2.0,0.14347362401344016,0.09694194205493323,0.025606871740298187
11.345540174729091,52.70036482855938,0,3.0,0.12226106622152075,0.08067134227381545,0.022699837616297236
11.542667194996826,62.99725608619601,0,3.2,0.10591266953270681,0.06909015689592657,0.019895595668694255
10.965706588259305,38.36580084741252,1,0.0,0.2642897953566437,0.1982591166539942,0.037076869825087955
10.858251161993405,42.33734277655826,0,2.4000000000000004,0.14905099748452802,0.09981735560779204,0.02719625992749175
10.393382137604748,29.270382876292324,0,2.2,0.17844523881026558,0.12173280081564486,0.03159555176154161
13.159841925759606,40.50693304889633,0,4.4,0.10926441635238357,0.06863397510659075,0.022135553673995778
11.69890107917388,53.63531785932242,0,3.2,0.11371165256335712,0.0737466038917638,0.02174414627740784
12.312883861877356,62.51790664645634,0,3.8000000000000003,0.0939451724416043,0.05944861524227529,0.01852738658784059
11.46699814270643,37.79496381735278,0,3.0,0.14091498203708896,0.0928326837325536,0.026518999002667853
11.783363555776795,64.00752014491943,1,0.0,0.1743356589878654,0.12555514910446042,0.026929711696120573
10.645129809258641,42.43371850376567,0,2.4000000000000004,0.15362953066308516,0.10396789126292894,0.027448023176562475
11.68796712765145,47.790347157946854,0,3.2,0.1218338876461573,0.07929084360679683,0.023260614140800273
11.231946684433188,46.942372822736814,0,2.8000000000000003,0.1332156090105702,0.08822238684387695,0.02470189539217249
12.115420294066087,39.0946939093751,1,0.2,0.21485615361904847,0.15410447040113817,0.03397157836347664
12.245534775957415,51.648220598373854,0,3.8000000000000003,0.10655644300207703,0.06807029665853881,0.02087420373149307
11.577623868593761,46.145304575197265,0,3.2,0.12654621553135428,0.08300150930441541,0.023849827192316986
11.234062898796495,64.88202268537734,0,2.8000000000000003,0.10988778413634658,0.0722096897635871,0.02039887904279969
11.162065472351662,45.56656369182676,1,0.0,0.2374318840093293,0.1765938559090996,0.034022369470723346
12.746316244561694,46.087311911674746,0,4.2,0.10670626567424057,0.0674626837564759,0.021319754069273333
11.835183079190895,31.693176688692525,0,3.4000000000000004,0.13939806938680077,0.09095752589133033,0.02672973146792379
11.577861049096184,56.49279150369331,0,3.2,0.11248971923242383,0.07342795320313034,0.021212803546643233
10.038538338002125,47.16590220872106,0,2.0,0.15637410121555223,0.1068487290778507,0.027367865963353832
11.383185431792244,53.41087194419664,0,3.0,0.12047811136279243,0.07928121059521953,0.02246876515739582
12.062425622196367,38.469912556893064,0,3.6,0.12660170255174458,0.0817705772512034,0.024606544294435984
11.613217368315562,55.94899607878342,0,3.2,0.11246538520228555,0.07326288963341376,0.021295585628748115
11.237652018722818,45.62941147932112,0,2.8000000000000003,0.13507616854363008,0.08947127843741975,0.025061700062476655
11.551200524981567,60.78959125644326,1,0.0,0.18744404473432222,0.13661568917655564,0.028134326798686216
12.406058405078928,64.26996821313323,0,4.0,0.09127987550844704,0.05775262223707145,0.017957207806691522
11.829731641103,37.675982276413656,0,3.4000000000000004,0.13249285115609852,0.08631868403246545,0.025396568896254745
11.47887573019281,54.82236205589465,0,3.0,0.11659863901151821,0.07621072088553604,0.02199289301528362
10.823240031167087,32.701807765002506,0,2.4000000000000004,0.1640898767983091,0.11038761901607197,0.02982485751896302
11.907868678114658,32.69284529125542,1,0.0,0.23521625698853704,0.16937435347010987,0.0369658255990748
12.301125326881914,37.690198540397866,0,3.8000000000000003,0.12312525258701616,0.07893501920116086,0.02422954905050312
12.058069210027947,47.79509205605639,1,0.0,0.19764120068332336,0.14101126918733553,0.03154701852705166
12.224326165669536,55.302704379266004,1,0.2,0.17687938779286802,0.1258309947176144,0.028263760632502133
12.216981633997323,56.29569748451967,0,3.8000000000000003,0.10153464298700218,0.06480715737108267,0.01983969742112912
11.55975757560639,49.80572312410226,0,3.2,0.12173327590338298,0.07980453991199021,0.022899256465525153
10.207607425158315,44.290104647263256,0,2.0,0.15882816591236432,0.1080428545273805,0.0281090066970493
11.808631141571244,46.98859643991138,0,3.4000000000000004,0.12044140842472599,0.07826838187582885,0.023042956793468905
12.10609924401031,43.49307619907739,0,3.6,0.11935568704711341,0.07673054316513395,0.02330890816587028
11.161352627887196,40.55164581958587,0,2.8000000000000003,0.1445700055742251,0.09637860522814878,0.026583176674162545
11.400803535534934,59.45035569700027,0,3.0,0.1124483852080039,0.07371278454320784,0.021020941567527096
12.000284459950679,46.88975258175742,1,0.0,0.20157020411009466,0.14422296953987468,0.0319689615118941
11.506904110782463,35.274730518049765,0,3.0,0.14321627741695672,0.09418780161500206,0.027075574001149794
10.781137034415762,57.62466337780616,1,0.0,0.22151733387761213,0.1669725121408523,0.03032048337456461
12.521254448263761,51.37267353689422,0,4.0,0.10303197947832154,0.06525076385855832,0.020459538599860716
11.187449919106077,44.98098286682724,1,0.0,0.2378856665819572,0.17675320747783152,0.034195564178897464
11.293735572187128,45.06318035053293,0,2.8000000000000003,0.13462460241461888,0.0888867041014999,0.025139940184187637
11.202257199501105,34.30922340757018,0,2.8000000000000003,0.15227740998357292,0.1014646540036992,0.028125150576396307
11.78689403826801,39.05256095209354,0,3.4000000000000004,0.131679435768477,0.08597446213311966,0.02512057272668078
13.276706380117531,36.28575792379258,0,4.4,0.11291421231511944,0.07082094521190463,0.0229960394724793
12.507780800669419,57.822010892138536,1,0.4,0.16534745612967863,0.1169278114880794,0.02671743802447013
11.943519618848113,33.19999029775093,1,0.0,0.23287067726251454,0.16740498377837876,0.0367445255789034
11.262117919227885,39.65505694037216,1,0.0,0.24807473424789467,0.18383728729837312,0.036022027617365615
11.692183198419716,50.714395355125575,0,3.2,0.11771599060455865,0.07648473973482017,0.022488971099846156
10.46477652559569,52.10501812472062,0,2.2,0.14108637102742919,0.09534654031275414,0.025141076890985325
11.223908016089476,38.35820123570216,0,2.8000000000000003,0.1462088025218673,0.09718075308246454,0.02707532319964867
12.494024575418033,48.88512708106685,0,4.0,0.10638631415294063,0.06755700870194137,0.021076062029999565
11.856967516050286,47.12573888096646,0,3.4000000000000004,0.11927975937438035,0.07727330699315937,0.02294497198895351
10.3237182926761,53.09288834945316,1,0.0,0.24769393409491497,0.18943989322854782,0.03250237698021596
11.080029960693299,39.26064458106324,0,2.6,0.14848494683310579,0.09891750996800652,0.027392609920646627
9.89895127130899,58.783620691836035,0,1.8,0.13896057671336848,0.0943719399700027,0.02446390396668574
11.210720457394274,54.89046362799105,0,2.8000000000000003,0.12208832198651004,0.0806807081277745,0.02259271403455032
11.222125637112821,43.673489152299176,0,2.8000000000000003,0.13840872947500943,0.09183499116692728,0.025631610769460078
11.75058887669804,68.51949212559121,0,3.4000000000000004,0.09745514341437177,0.06293865751461836,0.018539109352796124
10.82340523881651,50.50586756888447,1,0.0,0.2378618059244974,0.17918310748368638,0.03275217555341825
11.229332281934491,26.271847991439667,0,2.8000000000000003,0.16067503527038032,0.10707864564221858,0.02976258213421279
12.33278064881896,37.00037878102757,1,0.4,0.21209387654682943,0.15172358076830117,0.033747232810898975
11.579328906796565,58.19197522462863,0,3.2,0.11042085510768745,0.07201344362159567,0.020827889109465758
12.633272865156165,48.07723868537849,1,0.4,0.18153324101932472,0.12812566363619016,0.029651516107726206
10.954532969114789,43.74034364059959,0,2.6,0.14460388877794272,0.09686440095410831,0.02631734577872613
10.265774091578285,25.8228228657212,0,2.0,0.18507842032480692,0.12617087170623464,0.032886793305042517
11.097760875963909,31.338389737907278,0,2.6,0.1587389723222229,0.1058695499641874,0.02933495432825617
12.1833910193463,64.81490355564586,0,3.8000000000000003,0.09371537719737306,0.05967978151431208,0.018256232754741752
11.500593368020343,49.73079062575684,0,3.0,0.12311040763995294,0.08054446213542965,0.023274085590896054
10.847125533152441,26.784031395816676,1,0.0,0.29431979096328226,0.22183675654447954,0.04087237318753101
12.292624802033634,34.965048447477955,0,3.8000000000000003,0.12638683085800248,0.0811443617399541,0.02484851124591081
12.024784052390103,56.30939047293833,0,3.6,0.10453638812979202,0.06710069639886829,0.02025628925348455
11.839191919926172,30.753294415093208,0,3.4000000000000004,0.14029815035607937,0.0915452524442314,0.02691346935991057
11.493549809968203,41.55348900352918,0,3.0,0.13505341793103914,0.08870401383746451,0.025499649466808605
10.07819627973847,50.26968331394452,0,2.0,0.15035813560298694,0.10250627053064354,0.026383450042554935
10.217667565189418,52.26010290873561,0,2.0,0.14492162680089007,0.09827761437677074,0.02567294848477608
11.660327179658589,52.35301740976511,0,3.2,0.11615893995896018,0.07556879821994,0.022111848081776575
11.813595625185402,59.98396011280999,1,0.0,0.18018695930519374,0.12969015458919153,0.027939296891765997
11.91306235702924,47.576220933848184,0,3.4000000000000004,0.11756936403542592,0.07588231696735526,0.022757086510629798
11.154929818465728,46.17708548395793,1,0.0,0.2361433554449889,0.17567540373616652,0.03380467747577787
11.423608074399088,32.426480050592176,0,3.0,0.1488321499226688,0.09846821665967287,0.02786113721352701
12.146423241451373,62.58329520341935,0,3.6,0.09617984388258721,0.061091604910358255,0.018875434689546444
11.681683820201807,51.55410093519852,0,3.2,0.11679550770574978,0.07590743181079318,0.022287103467621527
10.80320074803101,41.14447942254933,0,2.4000000000000004,0.15220571135621314,0.10226038939617743,0.02761489527060923
10.07339304688875,40.82593534155032,0,2.0,0.16702982317935625,0.11423121883631437,0.029293296672377567
10.738825894468713,51.648336742985144,0,2.4000000000000004,0.1366331976218324,0.09174230513623016,0.02464170146211897
11.351872206175392,38.32246301903743,0,3.0,0.14305581352456617,0.09490144753649221,0.026561391757690567
11.39300997278487,45.19024103575685,0,3.0,0.13212404570367414,0.08720489091832717,0.024658326344321746
11.57126261918357,46.82462863604563,0,3.2,0.1257149457851688,0.08246512686680363,0.023676364069626588
10.46627056101157,45.63634179235225,1,0.0,0.2642375156515727,0.20144264056104733,0.03517345593560317
11.73147857742584,33.04508605534714,0,3.2,0.1403625794322887,0.09161101179682196,0.026912686844392186
11.75027750562033,68.41849487473918,1,0.0,0.16906105206671193,0.1218491708506122,0.026006988950646903
10.940074821288643,36.65358014696935,0,2.6,0.15574839489438602,0.10464756964003319,0.02829460309079579
11.978412430567904,39.13666543873606,0,3.6,0.12746087165184297,0.08271710046993441,0.024555159518769742
10.720908699971716,49.351169972811405,0,2.4000000000000004,0.14065657514664218,0.09461242727387953,0.02532008698397803
12.372609174315418,40.958751752934475,0,3.8000000000000003,0.11800656009145269,0.07526447063653807,0.02337769967936154
11.424317482133837,50.385914051431726,0,3.0,0.12383189666290548,0.08138775771920015,0.023202434672767835
11.60918106127762,34.00904457252832,0,3.2,0.14222166260977914,0.09351259075935814,0.026887689323777053
12.605721620499777,62.52211232230394,0,4.0,0.09050042181224548,0.05673514426767512,0.018097222085041387
12.00531858380928,65.34163299223621,0,3.6,0.09587819925125654,0.06135047383876635,0.018545720830876578
12.212720658156282,43.11458950964255,0,3.8000000000000003,0.11794950258732333,0.07581053339458832,0.023022923054550004
11.882468319469321,34.11762991704951,0,3.4000000000000004,0.1356150957947916,0.08817035312961641,0.02614396627363247
11.256479699503238,51.115465289452764,0,2.8000000000000003,0.12644586337138794,0.08346460548623147,0.023518386991268514
9.920911044358288,45.09052336164161,0,1.8,0.1617252773827461,0.11028594826117644,0.028493723012688044
12.176379533266322,67.19892610796357,0,3.8000000000000003,0.0919423762366729,0.058513735488011864,0.01789920044038884
12.583544820223926,44.86813201181927,0,4.0,0.1101540753353242,0.06979484560683824,0.02197601748734468
11.359504051007633,36.37532709964283,0,3.0,0.14551415373330256,0.09654630448308354,0.02703991132365824
10.777078810569817,43.63451397712317,0,2.4000000000000004,0.1487938852337359,0.10001704554486268,0.026927552758160722
12.685179188931764,36.4304250510537,0,4.0,0.11875451761098747,0.0751858750167389,0.023863907408381513
11.75093472170862,74.92641553759199,0,3.4000000000000004,0.09337748004432832,0.060175226954453986,0.017766031229337842
12.158110227913077,43.75013117530323,1,0.2,0.20342139285734614,0.145514407764462,0.03229822652522596
11.52902771048272,25.188619461729356,0,3.0,0.1534851253660663,0.10104408386996522,0.02908296558594181
11.908985064661879,51.34709745243549,0,3.4000000000000004,0.11265160106558,0.07259183599186114,0.02179986180806992
11.110666422642023,65.06173069661477,0,2.8000000000000003,0.11204699799191883,0.07418287947418822,0.020508305010429773
11.95718566435411,46.10472969987977,1,0.0,0.20481571013249225,0.14686017983610522,0.03232678252728649
11.794828157878808,42.90844373865738,0,3.4000000000000004,0.1263375340075564,0.08232002639460623,0.024127945654676575
11.281210983129876,49.88955664755317,0,2.8000000000000003,0.12769625263529122,0.08420635775494512,0.023817585223733007
11.47324671757764,57.58891375791705,1,0.0,0.1964688233340861,0.1438163541465367,0.02920733481620552
11.658965646676059,51.37146774957073,0,3.2,0.11750286280493763,0.07648580788670101,0.022362973481315662
10.498128919812943,45.53126147545586,0,2.2,0.15144544602366172,0.10244848636375314,0.027057035094063875
11.698349039786867,28.226802330634214,1,0.0,0.2518125777469089,0.18313979776696465,0.038631047047026024
11.045542324453004,28.593272806881092,0,2.6,0.16328422712468488,0.10928552819463278,0.02999923466473653
10.966037899625764,30.151664252748134,1,0.0,0.28263091915298494,0.21209205044395352,0.03972874629943024
11.343420533009441,52.218990930093284,0,3.0,0.12298172473116398,0.08117517622774795,0.022827381472597663
10.944968512175679,40.47434052258879,0,2.6,0.14993456608853073,0.10059932720641984,0.027256022871829932
11.447694421430096,43.259506371864276,1,0.0,0.23125495868302778,0.1698926750195363,0.03433075509617145
10.695532951954666,44.67022532332352,0,2.4000000000000004,0.1488688157140432,0.10043235753702329,0.026727328339423484
11.728784193854846,43.06807487511434,0,3.2,0.12755030139904805,0.08296805161541954,0.02446014693154619
10.278952002485262,42.9708747056832,0,2.0,0.15989546053346945,0.1085412523919198,0.028443651847970375
11.100603040629203,50.963310115892156,0,2.6,0.1300776074991531,0.08616647918451581,0.024065369596845465
12.427160270714209,53.20417266144598,0,4.0,0.10210282823639286,0.06490391728375722,0.020117006442726848
11.113744677271486,44.20678838608804,0,2.8000000000000003,0.14015877164177454,0.09357524719409471,0.025637367322164595
12.366505446579001,38.72450395688225,0,3.8000000000000003,0.12080698810629778,0.0771485675061514,0.0239167180000861
12.055786675058132,53.738036209121645,0,3.6,0.10705590720608527,0.06867939736940654,0.020809711668634545
11.28079716377159,31.152501511853856,0,2.8000000000000003,0.1540905463355568,0.10227368663861769,0.028715799821728893
11.445921609564559,59.3807688911007,1,0.0,0.1938239250438269,0.1420149604612636,0.028711155636801933
11.666664192508081,26.5145207315309,0,3.2,0.14868077055510212,0.0975875988116719,0.028290101025547187
11.524691981447468,66.2240083584864,0,3.2,0.10324536233932577,0.06734079842258822,0.019355625833375023
12.253224165790135,39.398353540949145,0,3.8000000000000003,0.12190744376625084,0.07830467089400495,0.023883984042497586
11.06286194597705,45.536163972864486,0,2.6,0.1392755608772796,0.09266768779864742,0.025651690046254227
10.466653790234897,30.9263411144396,0,2.2,0.17477248815810323,0.11884775801995395,0.031132194198911334
11.909198168383835,49.5660606165867,1,0.0,0.1985990451748472,0.14262078796055422,0.031163680714289987
12.623507118018976,60.22809235598933,0,4.0,0.09237043464163619,0.057928199084291476,0.018495432680791013
11.32175263041134,52.459784356303174,0,2.8000000000000003,0.12310859213039552,0.08088338479077306,0.023073651376248505
12.497492077340963,55.94309998455675,0,4.0,0.09812907646158639,0.06206171888070722,0.019451386812281868
12.704332414865195,50.28243161601267,0,4.0,0.10215339546074384,0.06418475817101466,0.020569786641017163
10.184008720234148,41.56442229553864,0,2.0,0.16395433643946972,0.1117111184410916,0.02896659882257535
11.271094113086443,42.780186923660004,0,2.8000000000000003,0.13858380867168787,0.09170940074710354,0.02580847524975549
11.054675498788294,42.39619231836785,0,2.6,0.1443535420848429,0.09620321049686742,0.026559018581162053
11.117628765836805,55.12285408469871,0,2.8000000000000003,0.12371620752187762,0.08220770366916552,0.022652061089830644
10.58873750538394,68.96223820201723,0,2.2,0.11758702623703093,0.07855053395096923,0.021197936638859827
11.848038906224037,43.33750029223126,0,3.4000000000000004,0.1246273975361244,0.08092119082760496,0.023944827475599673
11.473218892784079,49.498706326382376,0,3.0,0.12403470031730528,0.08130012796936892,0.02337327785172727
10.238739056403219,58.17042813787947,0,2.0,0.1354324315583018,0.09157430109095821,0.024034194392555053
11.716687089758201,45.51411555776949,0,3.2,0.12440690737749813,0.08090019410191895,0.023827478397399515
12.336756621695178,37.94925638678872,0,3.8000000000000003,0.12221535955927973,0.07819479735031665,0.024129742475860638
10.423722554012965,50.9450178616551,0,2.2,0.14370486504383342,0.09732304676369219,0.025518716635377192
11.374840780021076,53.60846684106076,0,3.0,0.12038428418164837,0.07925414849405965,0.022429491580934546
12.312392461264084,53.98983000753219,0,3.8000000000000003,0.1027707820776615,0.06532614117788083,0.020261553470459215
10.213303055555887,32.56565505177029,0,2.0,0.17768365262347868,0.12121208002164585,0.03145386623637225
11.986762123163452,63.648752684010816,1,0.0,0.16882543343500384,0.1204077528832751,0.02671628267748749
11.093860224148102,43.57893486961151,0,2.6,0.14159737813304493,0.09411329610191677,0.02616710707713421
11.440879605286822,62.65825983649168,0,3.0,0.1081684186589979,0.0706260156741092,0.020319060579346293
11.440597102755358,49.403377187737334,0,3.0,0.12488441536488715,0.08203093692486474,0.023443222611777892
11.697792125681831,44.74615899825064,0,3.2,0.12588873891344507,0.0819902045543196,0.024057961387720872
11.225831141108216,34.5268463703418,0,2.8000000000000003,0.1513824880157293,0.10072168962045269,0.0280357637619274
12.041466689600998,55.99215659095661,0,3.6,0.10462539501600185,0.06710031379776149,0.020308871304847265
11.442840645573733,42.23745583736413,0,3.0,0.13527589045665972,0.08911127173267641,0.02539095219057841
12.457788031632077,52.54740624665235,1,0.4,0.17640730583810726,0.1251643205591778,0.028378226634664383
11.65794068142394,50.0208576475637,0,3.2,0.1193666769627432,0.07775402032655765,0.022713327433050323
11.26286116428442,49.85919570796474,0,2.8000000000000003,0.12814723326783017,0.08460078965416418,0.023850849184509415
11.680043832924053,50.86028208283402,0,3.2,0.1177652309033125,0.07657124609159927,0.022467049889243085
12.610727728265747,36.505172000603,1,0.6000000000000001,0.20538969059414236,0.1463252448368566,0.03297908573957986
10.763530866808713,46.33905059019138,0,2.4000000000000004,0.14467396109273178,0.09721986042442732,0.02614947098135556
10.07409864509347,48.356090113138094,0,2.0,0.15375489920449928,0.10490457478372928,0.026970779071041173
11.934109489343811,45.235960440563694,0,3.4000000000000004,0.12031422763257721,0.07763807694895086,0.023338912166839032
12.371037694265977,52.72231751212724,0,3.8000000000000003,0.10342977923295332,0.06558135351210537,0.020499073953439972
11.137952617317065,60.70657088815254,0,2.8000000000000003,0.11618809803085559,0.07692974099500416,0.021328445315206723
10.710633344280673,58.79204751210948,1,0.0,0.2212381449970198,0.16714916966576143,0.03005233843015198
12.40807058493264,44.10483891596211,0,3.8000000000000003,0.11355064484444607,0.07218318659494283,0.022569093087943082
11.498769254097011,33.62027238438965,0,3.0,0.14546843779685545,0.09576357506637412,0.02747344866498902
11.337735707824404,41.39995021814411,1,0.0,0.24051085096127664,0.17761060757395897,0.035235437286657456
12.322347893965008,46.14688300622691,0,3.8000000000000003,0.112277384960269,0.07162607519285558,0.02214782927494907
12.093225313381394,37.82023308560518,0,3.6,0.12679301933194084,0.0817665338306125,0.024721462059604904
